date,window,ts,detector,phase,role,rule,severity,value,threshold,message,site
2026-03-18,day,1773899946.1,-1,,unit:all,Failsafe,info,30.0,12.0,"30 channels on at 23:59:06.0 (unit all, 2 bursts); median release 169.5 s; inside reboot window 'pre_midnight'",201
2026-03-18,day,,9,,unconfigured,UnconfiguredDetector,info,178.0,20.0,178 actuations on an unconfigured channel,201
2026-03-18,day,,11,,unconfigured,UnconfiguredDetector,info,237.0,20.0,237 actuations on an unconfigured channel,201
2026-03-18,day,,13,,unconfigured,UnconfiguredDetector,info,236.0,20.0,236 actuations on an unconfigured channel,201
2026-03-18,day,,34,,unconfigured,UnconfiguredDetector,info,1762.0,20.0,1762 actuations on an unconfigured channel,201
2026-03-18,day,,35,,unconfigured,UnconfiguredDetector,info,882.0,20.0,882 actuations on an unconfigured channel,201
2026-03-18,day,,41,4,stop_bar+tm,ConfiguredSilent,high,0.0,0.0,no actuations in 24.0 h logged,201
2026-03-18,day,,47,,unconfigured,UnconfiguredDetector,info,2664.0,20.0,2664 actuations on an unconfigured channel,201
2026-03-18,day,,48,,unconfigured,UnconfiguredDetector,info,2473.0,20.0,2473 actuations on an unconfigured channel,201
2026-03-18,day,,52,,unconfigured,UnconfiguredDetector,info,306.0,20.0,306 actuations on an unconfigured channel,201
2026-03-18,day,,55,,unconfigured,UnconfiguredDetector,info,308.0,20.0,308 actuations on an unconfigured channel,201
2026-03-19,day,1773906912.2,-1,,unit:all,Failsafe,info,30.0,12.0,"30 channels on at 01:55:12.2 (unit all, 2 bursts); median release 73.7 s; inside reboot window 'early'; phases maxed out: 2, 6",201
2026-03-19,day,1773986347.1,-1,,unit:all,Failsafe,info,30.0,12.0,"30 channels on at 23:59:07.0 (unit all, 2 bursts); median release 53.5 s; inside reboot window 'pre_midnight'",201
2026-03-19,day,,9,,unconfigured,UnconfiguredDetector,info,189.0,20.0,189 actuations on an unconfigured channel,201
2026-03-19,day,,11,,unconfigured,UnconfiguredDetector,info,283.0,20.0,283 actuations on an unconfigured channel,201
2026-03-19,day,,13,,unconfigured,UnconfiguredDetector,info,291.0,20.0,291 actuations on an unconfigured channel,201
2026-03-19,day,,34,,unconfigured,UnconfiguredDetector,info,1838.0,20.0,1838 actuations on an unconfigured channel,201
2026-03-19,day,,35,,unconfigured,UnconfiguredDetector,info,950.0,20.0,950 actuations on an unconfigured channel,201
2026-03-19,day,,41,4,stop_bar+tm,ConfiguredSilent,high,0.0,0.0,no actuations in 24.0 h logged,201
2026-03-19,day,,47,,unconfigured,UnconfiguredDetector,info,3031.0,20.0,3031 actuations on an unconfigured channel,201
2026-03-19,day,,48,,unconfigured,UnconfiguredDetector,info,2766.0,20.0,2766 actuations on an unconfigured channel,201
2026-03-19,day,,52,,unconfigured,StuckOn,high,1871.2999999523163,1800.0,on 31.2 min > 30.0 min,201
2026-03-19,day,,52,,unconfigured,UnconfiguredDetector,info,376.0,20.0,376 actuations on an unconfigured channel,201
2026-03-19,day,,55,,unconfigured,UnconfiguredDetector,info,351.0,20.0,351 actuations on an unconfigured channel,201
2026-03-20,day,1773986401.6,-1,,unit:all,Failsafe,info,14.0,12.0,"14 channels on at 00:00:01.5 (unit all, 1 burst); median release 43.1 s; inside reboot window 'midnight'",201
2026-03-20,day,1774072747.3,-1,,unit:all,Failsafe,info,30.0,12.0,"30 channels on at 23:59:07.2 (unit all, 2 bursts); median release 144.4 s; inside reboot window 'pre_midnight'",201
2026-03-20,day,,9,,unconfigured,UnconfiguredDetector,info,198.0,20.0,198 actuations on an unconfigured channel,201
2026-03-20,day,,11,,unconfigured,UnconfiguredDetector,info,300.0,20.0,300 actuations on an unconfigured channel,201
2026-03-20,day,,13,,unconfigured,UnconfiguredDetector,info,300.0,20.0,300 actuations on an unconfigured channel,201
2026-03-20,day,,34,,unconfigured,UnconfiguredDetector,info,2109.0,20.0,2109 actuations on an unconfigured channel,201
2026-03-20,day,,35,,unconfigured,UnconfiguredDetector,info,1081.0,20.0,1081 actuations on an unconfigured channel,201
2026-03-20,day,,41,4,stop_bar+tm,ConfiguredSilent,high,0.0,0.0,no actuations in 24.0 h logged,201
2026-03-20,day,,47,,unconfigured,UnconfiguredDetector,info,3706.0,20.0,3706 actuations on an unconfigured channel,201
2026-03-20,day,,48,,unconfigured,UnconfiguredDetector,info,3219.0,20.0,3219 actuations on an unconfigured channel,201
2026-03-20,day,,52,,unconfigured,UnconfiguredDetector,info,437.0,20.0,437 actuations on an unconfigured channel,201
2026-03-20,day,,55,,unconfigured,UnconfiguredDetector,info,424.0,20.0,424 actuations on an unconfigured channel,201
2026-03-21,day,1774072801.6,-1,,unit:all,Failsafe,info,14.0,12.0,"14 channels on at 00:00:01.5 (unit all, 1 burst); median release 40.2 s; inside reboot window 'midnight'",201
2026-06-19,day,1781935147.9,-1,,unit:all,Failsafe,info,16.0,12.0,"16 channels on at 23:59:07.9 (unit all, 1 burst); median release 53.4 s; inside reboot window 'pre_midnight'; phases maxed out: 3, 15",201
2026-06-20,day,1781942113.5,-1,,unit:all,Failsafe,info,16.0,12.0,"16 channels on at 01:55:13.5 (unit all, 1 burst); median release 77.1 s; inside reboot window 'early'; phases maxed out: 3, 15",201
2026-06-20,day,1782007808.3,-1,,unit:all,Failsafe,high,16.0,12.0,"16 channels on at 20:10:08.2 (unit all, 1 burst); median release 77.2 s; phases maxed out: 2, 3, 6, 15",201
2026-06-20,day,1782021546.2,-1,,unit:all,Failsafe,info,17.0,12.0,"17 channels on at 23:59:06.2 (unit all, 1 burst); median release 171.1 s; inside reboot window 'pre_midnight'; phases maxed out: 3, 15",201
2026-06-20,day,,2,,unconfigured,UnconfiguredDetector,info,4075.0,20.0,4075 actuations on an unconfigured channel,201
2026-06-20,day,,3,,unconfigured,UnconfiguredDetector,info,442.0,20.0,442 actuations on an unconfigured channel,201
2026-06-20,day,,4,,unconfigured,UnconfiguredDetector,info,695.0,20.0,695 actuations on an unconfigured channel,201
2026-06-20,day,,7,,unconfigured,UnconfiguredDetector,info,1647.0,20.0,1647 actuations on an unconfigured channel,201
2026-06-20,day,,8,,unconfigured,UnconfiguredDetector,info,564.0,20.0,564 actuations on an unconfigured channel,201
2026-06-20,day,,19,,unconfigured,UnconfiguredDetector,info,2151.0,20.0,2151 actuations on an unconfigured channel,201
2026-06-20,day,,34,,unconfigured,UnconfiguredDetector,info,3903.0,20.0,3903 actuations on an unconfigured channel,201
2026-06-20,day,,35,,unconfigured,UnconfiguredDetector,info,3613.0,20.0,3613 actuations on an unconfigured channel,201
2026-06-20,day,,47,,unconfigured,UnconfiguredDetector,info,4983.0,20.0,4983 actuations on an unconfigured channel,201
2026-06-20,day,,48,,unconfigured,UnconfiguredDetector,info,3598.0,20.0,3598 actuations on an unconfigured channel,201
2026-06-20,day,,49,2,arrival,ConfiguredSilent,high,0.0,0.0,no actuations in 24.0 h logged,201
2026-06-20,day,,51,8,occupancy,ConfiguredSilent,high,0.0,0.0,no actuations in 24.0 h logged,201
2026-06-20,day,,53,3,occupancy,ConfiguredSilent,high,0.0,0.0,no actuations in 24.0 h logged,201
2026-06-20,day,,60,2,stop_bar+tm,ConfiguredSilent,high,0.0,0.0,no actuations in 24.0 h logged,201
2026-06-20,day,,61,,tm,ConfiguredSilent,high,0.0,0.0,no actuations in 24.0 h logged,201
2026-06-20,day,,63,8,stop_bar+tm,ConfiguredSilent,high,0.0,0.0,no actuations in 24.0 h logged,201
2026-06-20,day,,64,3,stop_bar,ConfiguredSilent,high,0.0,0.0,no actuations in 24.0 h logged,201
2026-06-21,day,1782107945.1,-1,,unit:all,Failsafe,info,16.0,12.0,"16 channels on at 23:59:05.0 (unit all, 1 burst); median release 55.2 s; inside reboot window 'pre_midnight'; phases maxed out: 3, 15",201
2026-06-21,day,,2,,unconfigured,UnconfiguredDetector,info,3481.0,20.0,3481 actuations on an unconfigured channel,201
2026-06-21,day,,3,,unconfigured,UnconfiguredDetector,info,491.0,20.0,491 actuations on an unconfigured channel,201
2026-06-21,day,,4,,unconfigured,UnconfiguredDetector,info,303.0,20.0,303 actuations on an unconfigured channel,201
2026-06-21,day,,7,,unconfigured,UnconfiguredDetector,info,2355.0,20.0,2355 actuations on an unconfigured channel,201
2026-06-21,day,,8,,unconfigured,UnconfiguredDetector,info,664.0,20.0,664 actuations on an unconfigured channel,201
2026-06-21,day,,19,,unconfigured,UnconfiguredDetector,info,1866.0,20.0,1866 actuations on an unconfigured channel,201
2026-06-21,day,,28,,unconfigured,StuckOn,high,10760.799999952316,1800.0,on 179.3 min > 30.0 min,201
2026-06-21,day,,28,,unconfigured,UnconfiguredDetector,info,41.0,20.0,41 actuations on an unconfigured channel,201
2026-06-21,day,,34,,unconfigured,UnconfiguredDetector,info,7587.0,20.0,7587 actuations on an unconfigured channel,201
2026-06-21,day,,35,,unconfigured,UnconfiguredDetector,info,6991.0,20.0,6991 actuations on an unconfigured channel,201
2026-06-21,day,,47,,unconfigured,UnconfiguredDetector,info,4337.0,20.0,4337 actuations on an unconfigured channel,201
2026-06-21,day,,48,,unconfigured,UnconfiguredDetector,info,2931.0,20.0,2931 actuations on an unconfigured channel,201
2026-06-21,day,,49,2,arrival,ConfiguredSilent,high,0.0,0.0,no actuations in 24.0 h logged,201
2026-06-21,day,,51,8,occupancy,ConfiguredSilent,high,0.0,0.0,no actuations in 24.0 h logged,201
2026-06-21,day,,53,3,occupancy,ConfiguredSilent,high,0.0,0.0,no actuations in 24.0 h logged,201
2026-06-21,day,,60,2,stop_bar+tm,ConfiguredSilent,high,0.0,0.0,no actuations in 24.0 h logged,201
2026-06-21,day,,61,,tm,ConfiguredSilent,high,0.0,0.0,no actuations in 24.0 h logged,201
2026-06-21,day,,63,8,stop_bar+tm,ConfiguredSilent,high,0.0,0.0,no actuations in 24.0 h logged,201
2026-06-21,day,,64,3,stop_bar,ConfiguredSilent,high,0.0,0.0,no actuations in 24.0 h logged,201
2026-06-22,day,,2,,unconfigured,UnconfiguredDetector,info,55.0,20.0,55 actuations on an unconfigured channel,201
2026-06-22,day,,19,,unconfigured,UnconfiguredDetector,info,1719.0,20.0,1719 actuations on an unconfigured channel,201
2026-06-22,day,,20,,unconfigured,UnconfiguredDetector,info,21.0,20.0,21 actuations on an unconfigured channel,201
2026-06-22,day,,28,,unconfigured,StuckOn,high,13732.300000190735,1800.0,on 228.9 min > 30.0 min,201
2026-06-22,day,,34,,unconfigured,UnconfiguredDetector,info,3720.0,20.0,3720 actuations on an unconfigured channel,201
2026-06-22,day,,35,,unconfigured,UnconfiguredDetector,info,3540.0,20.0,3540 actuations on an unconfigured channel,201
2026-06-22,day,,47,,unconfigured,UnconfiguredDetector,info,5002.0,20.0,5002 actuations on an unconfigured channel,201
2026-06-22,day,,48,,unconfigured,UnconfiguredDetector,info,4313.0,20.0,4313 actuations on an unconfigured channel,201
2026-06-22,day,,49,2,arrival,ConfiguredSilent,high,0.0,0.0,no actuations in 24.0 h logged,201
2026-06-22,day,,51,8,occupancy,ConfiguredSilent,high,0.0,0.0,no actuations in 24.0 h logged,201
2026-06-22,day,,53,3,occupancy,ConfiguredSilent,high,0.0,0.0,no actuations in 24.0 h logged,201
2026-06-22,day,,60,2,stop_bar+tm,ConfiguredSilent,high,0.0,0.0,no actuations in 24.0 h logged,201
2026-06-22,day,,61,,tm,ConfiguredSilent,high,0.0,0.0,no actuations in 24.0 h logged,201
2026-06-22,day,,63,8,stop_bar+tm,ConfiguredSilent,high,0.0,0.0,no actuations in 24.0 h logged,201
2026-06-22,day,,64,3,stop_bar,ConfiguredSilent,high,0.0,0.0,no actuations in 24.0 h logged,201
2026-06-23,day,1782231511.6,-1,,unit:all,Failsafe,high,16.0,12.0,"16 channels on at 10:18:31.5 (unit all, 1 burst); median release 70.5 s",201
2026-06-23,day,1782280746.1,-1,,unit:all,Failsafe,info,16.0,12.0,"16 channels on at 23:59:06.0 (unit all, 1 burst); median release 154.2 s; inside reboot window 'pre_midnight'; phases maxed out: 3",201
2026-06-23,day,,2,,unconfigured,UnconfiguredDetector,info,2372.0,20.0,2372 actuations on an unconfigured channel,201
2026-06-23,day,,3,,unconfigured,UnconfiguredDetector,info,380.0,20.0,380 actuations on an unconfigured channel,201
2026-06-23,day,,4,,unconfigured,UnconfiguredDetector,info,261.0,20.0,261 actuations on an unconfigured channel,201
2026-06-23,day,,7,,unconfigured,UnconfiguredDetector,info,779.0,20.0,779 actuations on an unconfigured channel,201
2026-06-23,day,,8,,unconfigured,UnconfiguredDetector,info,548.0,20.0,548 actuations on an unconfigured channel,201
2026-06-23,day,,19,,unconfigured,UnconfiguredDetector,info,1294.0,20.0,1294 actuations on an unconfigured channel,201
2026-06-23,day,,34,,unconfigured,UnconfiguredDetector,info,2776.0,20.0,2776 actuations on an unconfigured channel,201
2026-06-23,day,,35,,unconfigured,UnconfiguredDetector,info,2654.0,20.0,2654 actuations on an unconfigured channel,201
2026-06-23,day,,47,,unconfigured,UnconfiguredDetector,info,4079.0,20.0,4079 actuations on an unconfigured channel,201
2026-06-23,day,,48,,unconfigured,UnconfiguredDetector,info,3555.0,20.0,3555 actuations on an unconfigured channel,201
2026-06-23,day,,49,2,arrival,ConfiguredSilent,high,0.0,0.0,no actuations in 24.0 h logged,201
2026-06-23,day,,51,8,occupancy,ConfiguredSilent,high,0.0,0.0,no actuations in 24.0 h logged,201
2026-06-23,day,,53,3,occupancy,ConfiguredSilent,high,0.0,0.0,no actuations in 24.0 h logged,201
2026-06-23,day,,60,2,stop_bar+tm,ConfiguredSilent,high,0.0,0.0,no actuations in 24.0 h logged,201
2026-06-23,day,,61,,tm,ConfiguredSilent,high,0.0,0.0,no actuations in 24.0 h logged,201
2026-06-23,day,,63,8,stop_bar+tm,ConfiguredSilent,high,0.0,0.0,no actuations in 24.0 h logged,201
2026-06-23,day,,64,3,stop_bar,ConfiguredSilent,high,0.0,0.0,no actuations in 24.0 h logged,201
2026-06-24,day,1782367147.5,-1,,unit:all,Failsafe,low,17.0,12.0,"17 channels on at 23:59:07.5 (unit all, 1 burst); release not observed; inside reboot window 'pre_midnight'",201
2026-06-24,day,,2,,unconfigured,UnconfiguredDetector,info,3856.0,20.0,3856 actuations on an unconfigured channel,201
2026-06-24,day,,3,,unconfigured,UnconfiguredDetector,info,386.0,20.0,386 actuations on an unconfigured channel,201
2026-06-24,day,,4,,unconfigured,UnconfiguredDetector,info,282.0,20.0,282 actuations on an unconfigured channel,201
2026-06-24,day,,7,,unconfigured,UnconfiguredDetector,info,1130.0,20.0,1130 actuations on an unconfigured channel,201
2026-06-24,day,,8,,unconfigured,UnconfiguredDetector,info,568.0,20.0,568 actuations on an unconfigured channel,201
2026-06-24,day,,19,,unconfigured,UnconfiguredDetector,info,1496.0,20.0,1496 actuations on an unconfigured channel,201
2026-06-24,day,,34,,unconfigured,UnconfiguredDetector,info,3139.0,20.0,3139 actuations on an unconfigured channel,201
2026-06-24,day,,35,,unconfigured,UnconfiguredDetector,info,2996.0,20.0,2996 actuations on an unconfigured channel,201
2026-06-24,day,,47,,unconfigured,UnconfiguredDetector,info,4592.0,20.0,4592 actuations on an unconfigured channel,201
2026-06-24,day,,48,,unconfigured,UnconfiguredDetector,info,3913.0,20.0,3913 actuations on an unconfigured channel,201
2026-06-24,day,,49,2,arrival,ConfiguredSilent,high,0.0,0.0,no actuations in 24.0 h logged,201
2026-06-24,day,,51,8,occupancy,ConfiguredSilent,high,0.0,0.0,no actuations in 24.0 h logged,201
2026-06-24,day,,53,3,occupancy,ConfiguredSilent,high,0.0,0.0,no actuations in 24.0 h logged,201
2026-06-24,day,,60,2,stop_bar+tm,ConfiguredSilent,high,0.0,0.0,no actuations in 24.0 h logged,201
2026-06-24,day,,61,,tm,ConfiguredSilent,high,0.0,0.0,no actuations in 24.0 h logged,201
2026-06-24,day,,63,8,stop_bar+tm,ConfiguredSilent,high,0.0,0.0,no actuations in 24.0 h logged,201
2026-06-24,day,,64,3,stop_bar,ConfiguredSilent,high,0.0,0.0,no actuations in 24.0 h logged,201
2026-10-01,day,,2,,unconfigured,UnconfiguredDetector,info,666.0,20.0,666 actuations on an unconfigured channel,201
2026-10-01,day,,3,,unconfigured,UnconfiguredDetector,info,28.0,20.0,28 actuations on an unconfigured channel,201
2026-10-01,day,,4,,unconfigured,UnconfiguredDetector,info,27.0,20.0,27 actuations on an unconfigured channel,201
2026-10-01,day,,7,,unconfigured,UnconfiguredDetector,info,189.0,20.0,189 actuations on an unconfigured channel,201
2026-10-01,day,,8,,unconfigured,UnconfiguredDetector,info,51.0,20.0,51 actuations on an unconfigured channel,201
2026-10-01,day,,19,,unconfigured,UnconfiguredDetector,info,222.0,20.0,222 actuations on an unconfigured channel,201
2026-10-01,day,,34,,unconfigured,UnconfiguredDetector,info,489.0,20.0,489 actuations on an unconfigured channel,201
2026-10-01,day,,35,,unconfigured,UnconfiguredDetector,info,464.0,20.0,464 actuations on an unconfigured channel,201
2026-10-01,day,,47,,unconfigured,UnconfiguredDetector,info,779.0,20.0,779 actuations on an unconfigured channel,201
2026-10-01,day,,48,,unconfigured,UnconfiguredDetector,info,712.0,20.0,712 actuations on an unconfigured channel,201
2026-08-04,day,,35,,unconfigured,UnconfiguredDetector,info,5005.0,20.0,5005 actuations on an unconfigured channel,313
2026-08-04,day,,39,,unconfigured,UnconfiguredDetector,info,2202.0,20.0,2202 actuations on an unconfigured channel,313
2026-08-04,day,,45,,unconfigured,UnconfiguredDetector,info,5920.0,20.0,5920 actuations on an unconfigured channel,313
2026-08-04,day,,46,,unconfigured,UnconfiguredDetector,info,5569.0,20.0,5569 actuations on an unconfigured channel,313
2026-08-04,day,,55,,unconfigured,UnconfiguredDetector,info,7302.0,20.0,7302 actuations on an unconfigured channel,313
2026-08-05,day,,35,,unconfigured,UnconfiguredDetector,info,11921.0,20.0,11921 actuations on an unconfigured channel,313
2026-08-05,day,,39,,unconfigured,UnconfiguredDetector,info,2690.0,20.0,2690 actuations on an unconfigured channel,313
2026-08-05,day,,45,,unconfigured,UnconfiguredDetector,info,10421.0,20.0,10421 actuations on an unconfigured channel,313
2026-08-05,day,,46,,unconfigured,UnconfiguredDetector,info,9375.0,20.0,9375 actuations on an unconfigured channel,313
2026-08-05,day,,49,1,pairs,ConfiguredSilent,high,0.0,0.0,no actuations in 24.0 h logged,313
2026-08-05,day,,50,8,pairs,ConfiguredSilent,high,0.0,0.0,no actuations in 24.0 h logged,313
2026-08-05,day,,52,6,pairs,ConfiguredSilent,high,0.0,0.0,no actuations in 24.0 h logged,313
2026-08-05,day,,53,,tm,ConfiguredSilent,high,0.0,0.0,no actuations in 24.0 h logged,313
2026-08-05,day,,54,,tm,ConfiguredSilent,high,0.0,0.0,no actuations in 24.0 h logged,313
2026-08-05,day,,55,,unconfigured,UnconfiguredDetector,info,13330.0,20.0,13330 actuations on an unconfigured channel,313
2026-08-05,day,,61,1,pairs,ConfiguredSilent,high,0.0,0.0,no actuations in 24.0 h logged,313
2026-08-05,day,,62,8,pairs,ConfiguredSilent,high,0.0,0.0,no actuations in 24.0 h logged,313
2026-08-05,day,,63,,tm,ConfiguredSilent,high,0.0,0.0,no actuations in 24.0 h logged,313
2026-08-05,day,,64,6,pairs+tm,ConfiguredSilent,high,0.0,0.0,no actuations in 24.0 h logged,313
2026-08-06,day,,35,,unconfigured,UnconfiguredDetector,info,11647.0,20.0,11647 actuations on an unconfigured channel,313
2026-08-06,day,,39,,unconfigured,UnconfiguredDetector,info,2875.0,20.0,2875 actuations on an unconfigured channel,313
2026-08-06,day,,45,,unconfigured,UnconfiguredDetector,info,11124.0,20.0,11124 actuations on an unconfigured channel,313
2026-08-06,day,,46,,unconfigured,UnconfiguredDetector,info,9641.0,20.0,9641 actuations on an unconfigured channel,313
2026-08-06,day,,49,1,pairs,ConfiguredSilent,high,0.0,0.0,no actuations in 24.0 h logged,313
2026-08-06,day,,50,8,pairs,ConfiguredSilent,high,0.0,0.0,no actuations in 24.0 h logged,313
2026-08-06,day,,52,6,pairs,ConfiguredSilent,high,0.0,0.0,no actuations in 24.0 h logged,313
2026-08-06,day,,53,,tm,ConfiguredSilent,high,0.0,0.0,no actuations in 24.0 h logged,313
2026-08-06,day,,54,,tm,ConfiguredSilent,high,0.0,0.0,no actuations in 24.0 h logged,313
2026-08-06,day,,55,,unconfigured,UnconfiguredDetector,info,13967.0,20.0,13967 actuations on an unconfigured channel,313
2026-08-06,day,,61,1,pairs,ConfiguredSilent,high,0.0,0.0,no actuations in 24.0 h logged,313
2026-08-06,day,,62,8,pairs,ConfiguredSilent,high,0.0,0.0,no actuations in 24.0 h logged,313
2026-08-06,day,,63,,tm,ConfiguredSilent,high,0.0,0.0,no actuations in 24.0 h logged,313
2026-08-06,day,,64,6,pairs+tm,ConfiguredSilent,high,0.0,0.0,no actuations in 24.0 h logged,313
2026-08-07,day,,35,,unconfigured,UnconfiguredDetector,info,11698.0,20.0,11698 actuations on an unconfigured channel,313
2026-08-07,day,,39,,unconfigured,UnconfiguredDetector,info,2670.0,20.0,2670 actuations on an unconfigured channel,313
2026-08-07,day,,45,,unconfigured,UnconfiguredDetector,info,11210.0,20.0,11210 actuations on an unconfigured channel,313
2026-08-07,day,,46,,unconfigured,UnconfiguredDetector,info,9691.0,20.0,9691 actuations on an unconfigured channel,313
2026-08-07,day,,49,1,pairs,ConfiguredSilent,high,0.0,0.0,no actuations in 24.0 h logged,313
2026-08-07,day,,50,8,pairs,ConfiguredSilent,high,0.0,0.0,no actuations in 24.0 h logged,313
2026-08-07,day,,52,6,pairs,ConfiguredSilent,high,0.0,0.0,no actuations in 24.0 h logged,313
2026-08-07,day,,53,,tm,ConfiguredSilent,high,0.0,0.0,no actuations in 24.0 h logged,313
2026-08-07,day,,54,,tm,ConfiguredSilent,high,0.0,0.0,no actuations in 24.0 h logged,313
2026-08-07,day,,55,,unconfigured,UnconfiguredDetector,info,14142.0,20.0,14142 actuations on an unconfigured channel,313
2026-08-07,day,,61,1,pairs,ConfiguredSilent,high,0.0,0.0,no actuations in 24.0 h logged,313
2026-08-07,day,,62,8,pairs,ConfiguredSilent,high,0.0,0.0,no actuations in 24.0 h logged,313
2026-08-07,day,,63,,tm,ConfiguredSilent,high,0.0,0.0,no actuations in 24.0 h logged,313
2026-08-07,day,,64,6,pairs+tm,ConfiguredSilent,high,0.0,0.0,no actuations in 24.0 h logged,313
2026-08-08,day,,35,,unconfigured,UnconfiguredDetector,info,9732.0,20.0,9732 actuations on an unconfigured channel,313
2026-08-08,day,,39,,unconfigured,UnconfiguredDetector,info,1986.0,20.0,1986 actuations on an unconfigured channel,313
2026-08-08,day,,45,,unconfigured,UnconfiguredDetector,info,8939.0,20.0,8939 actuations on an unconfigured channel,313
2026-08-08,day,,46,,unconfigured,UnconfiguredDetector,info,7605.0,20.0,7605 actuations on an unconfigured channel,313
2026-08-08,day,,49,1,pairs,ConfiguredSilent,high,0.0,0.0,no actuations in 24.0 h logged,313
2026-08-08,day,,50,8,pairs,ConfiguredSilent,high,0.0,0.0,no actuations in 24.0 h logged,313
2026-08-08,day,,52,6,pairs,ConfiguredSilent,high,0.0,0.0,no actuations in 24.0 h logged,313
2026-08-08,day,,53,,tm,ConfiguredSilent,high,0.0,0.0,no actuations in 24.0 h logged,313
2026-08-08,day,,54,,tm,ConfiguredSilent,high,0.0,0.0,no actuations in 24.0 h logged,313
2026-08-08,day,,55,,unconfigured,UnconfiguredDetector,info,10770.0,20.0,10770 actuations on an unconfigured channel,313
2026-08-08,day,,61,1,pairs,ConfiguredSilent,high,0.0,0.0,no actuations in 24.0 h logged,313
2026-08-08,day,,62,8,pairs,ConfiguredSilent,high,0.0,0.0,no actuations in 24.0 h logged,313
2026-08-08,day,,63,,tm,ConfiguredSilent,high,0.0,0.0,no actuations in 24.0 h logged,313
2026-08-08,day,,64,6,pairs+tm,ConfiguredSilent,high,0.0,0.0,no actuations in 24.0 h logged,313
2026-08-09,day,,35,,unconfigured,UnconfiguredDetector,info,8200.0,20.0,8200 actuations on an unconfigured channel,313
2026-08-09,day,,39,,unconfigured,UnconfiguredDetector,info,1951.0,20.0,1951 actuations on an unconfigured channel,313
2026-08-09,day,,45,,unconfigured,UnconfiguredDetector,info,7595.0,20.0,7595 actuations on an unconfigured channel,313
2026-08-09,day,,46,,unconfigured,UnconfiguredDetector,info,6472.0,20.0,6472 actuations on an unconfigured channel,313
2026-08-09,day,,49,1,pairs,ConfiguredSilent,high,0.0,0.0,no actuations in 24.0 h logged,313
2026-08-09,day,,50,8,pairs,ConfiguredSilent,high,0.0,0.0,no actuations in 24.0 h logged,313
2026-08-09,day,,52,6,pairs,ConfiguredSilent,high,0.0,0.0,no actuations in 24.0 h logged,313
2026-08-09,day,,53,,tm,ConfiguredSilent,high,0.0,0.0,no actuations in 24.0 h logged,313
2026-08-09,day,,54,,tm,ConfiguredSilent,high,0.0,0.0,no actuations in 24.0 h logged,313
2026-08-09,day,,55,,unconfigured,UnconfiguredDetector,info,9280.0,20.0,9280 actuations on an unconfigured channel,313
2026-08-09,day,,61,1,pairs,ConfiguredSilent,high,0.0,0.0,no actuations in 24.0 h logged,313
2026-08-09,day,,62,8,pairs,ConfiguredSilent,high,0.0,0.0,no actuations in 24.0 h logged,313
2026-08-09,day,,63,,tm,ConfiguredSilent,high,0.0,0.0,no actuations in 24.0 h logged,313
2026-08-09,day,,64,6,pairs+tm,ConfiguredSilent,high,0.0,0.0,no actuations in 24.0 h logged,313
2026-08-10,day,,35,,unconfigured,UnconfiguredDetector,info,11452.0,20.0,11452 actuations on an unconfigured channel,313
2026-08-10,day,,39,,unconfigured,UnconfiguredDetector,info,2821.0,20.0,2821 actuations on an unconfigured channel,313
2026-08-10,day,,45,,unconfigured,UnconfiguredDetector,info,10800.0,20.0,10800 actuations on an unconfigured channel,313
2026-08-10,day,,46,,unconfigured,UnconfiguredDetector,info,9350.0,20.0,9350 actuations on an unconfigured channel,313
2026-08-10,day,,49,1,pairs,ConfiguredSilent,high,0.0,0.0,no actuations in 24.0 h logged,313
2026-08-10,day,,50,8,pairs,ConfiguredSilent,high,0.0,0.0,no actuations in 24.0 h logged,313
2026-08-10,day,,52,6,pairs,ConfiguredSilent,high,0.0,0.0,no actuations in 24.0 h logged,313
2026-08-10,day,,53,,tm,ConfiguredSilent,high,0.0,0.0,no actuations in 24.0 h logged,313
2026-08-10,day,,54,,tm,ConfiguredSilent,high,0.0,0.0,no actuations in 24.0 h logged,313
2026-08-10,day,,55,,unconfigured,UnconfiguredDetector,info,13681.0,20.0,13681 actuations on an unconfigured channel,313
2026-08-10,day,,61,1,pairs,ConfiguredSilent,high,0.0,0.0,no actuations in 24.0 h logged,313
2026-08-10,day,,62,8,pairs,ConfiguredSilent,high,0.0,0.0,no actuations in 24.0 h logged,313
2026-08-10,day,,63,,tm,ConfiguredSilent,high,0.0,0.0,no actuations in 24.0 h logged,313
2026-08-10,day,,64,6,pairs+tm,ConfiguredSilent,high,0.0,0.0,no actuations in 24.0 h logged,313
2026-08-11,day,,35,,unconfigured,UnconfiguredDetector,info,11487.0,20.0,11487 actuations on an unconfigured channel,313
2026-08-11,day,,39,,unconfigured,UnconfiguredDetector,info,2804.0,20.0,2804 actuations on an unconfigured channel,313
2026-08-11,day,,45,,unconfigured,UnconfiguredDetector,info,11115.0,20.0,11115 actuations on an unconfigured channel,313
2026-08-11,day,,46,,unconfigured,UnconfiguredDetector,info,9539.0,20.0,9539 actuations on an unconfigured channel,313
2026-08-11,day,,49,1,pairs,ConfiguredSilent,high,0.0,0.0,no actuations in 24.0 h logged,313
2026-08-11,day,,50,8,pairs,ConfiguredSilent,high,0.0,0.0,no actuations in 24.0 h logged,313
2026-08-11,day,,52,6,pairs,ConfiguredSilent,high,0.0,0.0,no actuations in 24.0 h logged,313
2026-08-11,day,,53,,tm,ConfiguredSilent,high,0.0,0.0,no actuations in 24.0 h logged,313
2026-08-11,day,,54,,tm,ConfiguredSilent,high,0.0,0.0,no actuations in 24.0 h logged,313
2026-08-11,day,,55,,unconfigured,UnconfiguredDetector,info,14134.0,20.0,14134 actuations on an unconfigured channel,313
2026-08-11,day,,61,1,pairs,ConfiguredSilent,high,0.0,0.0,no actuations in 24.0 h logged,313
2026-08-11,day,,62,8,pairs,ConfiguredSilent,high,0.0,0.0,no actuations in 24.0 h logged,313
2026-08-11,day,,63,,tm,ConfiguredSilent,high,0.0,0.0,no actuations in 24.0 h logged,313
2026-08-11,day,,64,6,pairs+tm,ConfiguredSilent,high,0.0,0.0,no actuations in 24.0 h logged,313
2026-08-12,day,,35,,unconfigured,UnconfiguredDetector,info,11122.0,20.0,11122 actuations on an unconfigured channel,313
2026-08-12,day,,39,,unconfigured,UnconfiguredDetector,info,2665.0,20.0,2665 actuations on an unconfigured channel,313
2026-08-12,day,,45,,unconfigured,UnconfiguredDetector,info,10870.0,20.0,10870 actuations on an unconfigured channel,313
2026-08-12,day,,46,,unconfigured,UnconfiguredDetector,info,9432.0,20.0,9432 actuations on an unconfigured channel,313
2026-08-12,day,,49,1,pairs,ConfiguredSilent,high,0.0,0.0,no actuations in 24.0 h logged,313
2026-08-12,day,,50,8,pairs,ConfiguredSilent,high,0.0,0.0,no actuations in 24.0 h logged,313
2026-08-12,day,,52,6,pairs,ConfiguredSilent,high,0.0,0.0,no actuations in 24.0 h logged,313
2026-08-12,day,,53,,tm,ConfiguredSilent,high,0.0,0.0,no actuations in 24.0 h logged,313
2026-08-12,day,,54,,tm,ConfiguredSilent,high,0.0,0.0,no actuations in 24.0 h logged,313
2026-08-12,day,,55,,unconfigured,UnconfiguredDetector,info,13689.0,20.0,13689 actuations on an unconfigured channel,313
2026-08-12,day,,61,1,pairs,ConfiguredSilent,high,0.0,0.0,no actuations in 24.0 h logged,313
2026-08-12,day,,62,8,pairs,ConfiguredSilent,high,0.0,0.0,no actuations in 24.0 h logged,313
2026-08-12,day,,63,,tm,ConfiguredSilent,high,0.0,0.0,no actuations in 24.0 h logged,313
2026-08-12,day,,64,6,pairs+tm,ConfiguredSilent,high,0.0,0.0,no actuations in 24.0 h logged,313
2026-08-13,day,,35,,unconfigured,UnconfiguredDetector,info,11333.0,20.0,11333 actuations on an unconfigured channel,313
2026-08-13,day,,39,,unconfigured,UnconfiguredDetector,info,2970.0,20.0,2970 actuations on an unconfigured channel,313
2026-08-13,day,,45,,unconfigured,UnconfiguredDetector,info,11025.0,20.0,11025 actuations on an unconfigured channel,313
2026-08-13,day,,46,,unconfigured,UnconfiguredDetector,info,9630.0,20.0,9630 actuations on an unconfigured channel,313
2026-08-13,day,,49,1,pairs,ConfiguredSilent,high,0.0,0.0,no actuations in 23.7 h logged,313
2026-08-13,day,,50,8,pairs,ConfiguredSilent,high,0.0,0.0,no actuations in 23.7 h logged,313
2026-08-13,day,,52,6,pairs,ConfiguredSilent,high,0.0,0.0,no actuations in 23.7 h logged,313
2026-08-13,day,,53,,tm,ConfiguredSilent,high,0.0,0.0,no actuations in 23.7 h logged,313
2026-08-13,day,,54,,tm,ConfiguredSilent,high,0.0,0.0,no actuations in 23.7 h logged,313
2026-08-13,day,,55,,unconfigured,UnconfiguredDetector,info,14293.0,20.0,14293 actuations on an unconfigured channel,313
2026-08-13,day,,61,1,pairs,ConfiguredSilent,high,0.0,0.0,no actuations in 23.7 h logged,313
2026-08-13,day,,62,8,pairs,ConfiguredSilent,high,0.0,0.0,no actuations in 23.7 h logged,313
2026-08-13,day,,63,,tm,ConfiguredSilent,high,0.0,0.0,no actuations in 23.7 h logged,313
2026-08-13,day,,64,6,pairs+tm,ConfiguredSilent,high,0.0,0.0,no actuations in 23.7 h logged,313
2026-08-14,day,,35,,unconfigured,UnconfiguredDetector,info,12359.0,20.0,12359 actuations on an unconfigured channel,313
2026-08-14,day,,39,,unconfigured,UnconfiguredDetector,info,2754.0,20.0,2754 actuations on an unconfigured channel,313
2026-08-14,day,,45,,unconfigured,UnconfiguredDetector,info,10382.0,20.0,10382 actuations on an unconfigured channel,313
2026-08-14,day,,46,,unconfigured,UnconfiguredDetector,info,9005.0,20.0,9005 actuations on an unconfigured channel,313
2026-08-14,day,,49,1,pairs,ConfiguredSilent,high,0.0,0.0,no actuations in 24.0 h logged,313
2026-08-14,day,,50,8,pairs,ConfiguredSilent,high,0.0,0.0,no actuations in 24.0 h logged,313
2026-08-14,day,,52,6,pairs,ConfiguredSilent,high,0.0,0.0,no actuations in 24.0 h logged,313
2026-08-14,day,,53,,tm,ConfiguredSilent,high,0.0,0.0,no actuations in 24.0 h logged,313
2026-08-14,day,,54,,tm,ConfiguredSilent,high,0.0,0.0,no actuations in 24.0 h logged,313
2026-08-14,day,,55,,unconfigured,UnconfiguredDetector,info,13054.0,20.0,13054 actuations on an unconfigured channel,313
2026-08-14,day,,61,1,pairs,ConfiguredSilent,high,0.0,0.0,no actuations in 24.0 h logged,313
2026-08-14,day,,62,8,pairs,ConfiguredSilent,high,0.0,0.0,no actuations in 24.0 h logged,313
2026-08-14,day,,63,,tm,ConfiguredSilent,high,0.0,0.0,no actuations in 24.0 h logged,313
2026-08-14,day,,64,6,pairs+tm,ConfiguredSilent,high,0.0,0.0,no actuations in 24.0 h logged,313
2026-08-15,day,,35,,unconfigured,UnconfiguredDetector,info,9817.0,20.0,9817 actuations on an unconfigured channel,313
2026-08-15,day,,39,,unconfigured,UnconfiguredDetector,info,1885.0,20.0,1885 actuations on an unconfigured channel,313
2026-08-15,day,,45,,unconfigured,UnconfiguredDetector,info,9280.0,20.0,9280 actuations on an unconfigured channel,313
2026-08-15,day,,46,,unconfigured,UnconfiguredDetector,info,8017.0,20.0,8017 actuations on an unconfigured channel,313
2026-08-15,day,,49,1,pairs,ConfiguredSilent,high,0.0,0.0,no actuations in 24.0 h logged,313
2026-08-15,day,,50,8,pairs,ConfiguredSilent,high,0.0,0.0,no actuations in 24.0 h logged,313
2026-08-15,day,,52,6,pairs,ConfiguredSilent,high,0.0,0.0,no actuations in 24.0 h logged,313
2026-08-15,day,,53,,tm,ConfiguredSilent,high,0.0,0.0,no actuations in 24.0 h logged,313
2026-08-15,day,,54,,tm,ConfiguredSilent,high,0.0,0.0,no actuations in 24.0 h logged,313
2026-08-15,day,,55,,unconfigured,UnconfiguredDetector,info,11415.0,20.0,11415 actuations on an unconfigured channel,313
2026-08-15,day,,61,1,pairs,ConfiguredSilent,high,0.0,0.0,no actuations in 24.0 h logged,313
2026-08-15,day,,62,8,pairs,ConfiguredSilent,high,0.0,0.0,no actuations in 24.0 h logged,313
2026-08-15,day,,63,,tm,ConfiguredSilent,high,0.0,0.0,no actuations in 24.0 h logged,313
2026-08-15,day,,64,6,pairs+tm,ConfiguredSilent,high,0.0,0.0,no actuations in 24.0 h logged,313
2026-08-16,day,,35,,unconfigured,UnconfiguredDetector,info,8238.0,20.0,8238 actuations on an unconfigured channel,313
2026-08-16,day,,39,,unconfigured,UnconfiguredDetector,info,1898.0,20.0,1898 actuations on an unconfigured channel,313
2026-08-16,day,,45,,unconfigured,UnconfiguredDetector,info,7675.0,20.0,7675 actuations on an unconfigured channel,313
2026-08-16,day,,46,,unconfigured,UnconfiguredDetector,info,6585.0,20.0,6585 actuations on an unconfigured channel,313
2026-08-16,day,,49,1,pairs,ConfiguredSilent,high,0.0,0.0,no actuations in 24.0 h logged,313
2026-08-16,day,,50,8,pairs,ConfiguredSilent,high,0.0,0.0,no actuations in 24.0 h logged,313
2026-08-16,day,,52,6,pairs,ConfiguredSilent,high,0.0,0.0,no actuations in 24.0 h logged,313
2026-08-16,day,,53,,tm,ConfiguredSilent,high,0.0,0.0,no actuations in 24.0 h logged,313
2026-08-16,day,,54,,tm,ConfiguredSilent,high,0.0,0.0,no actuations in 24.0 h logged,313
2026-08-16,day,,55,,unconfigured,UnconfiguredDetector,info,9618.0,20.0,9618 actuations on an unconfigured channel,313
2026-08-16,day,,61,1,pairs,ConfiguredSilent,high,0.0,0.0,no actuations in 24.0 h logged,313
2026-08-16,day,,62,8,pairs,ConfiguredSilent,high,0.0,0.0,no actuations in 24.0 h logged,313
2026-08-16,day,,63,,tm,ConfiguredSilent,high,0.0,0.0,no actuations in 24.0 h logged,313
2026-08-16,day,,64,6,pairs+tm,ConfiguredSilent,high,0.0,0.0,no actuations in 24.0 h logged,313
2026-08-17,day,,35,,unconfigured,UnconfiguredDetector,info,10404.0,20.0,10404 actuations on an unconfigured channel,313
2026-08-17,day,,39,,unconfigured,UnconfiguredDetector,info,2642.0,20.0,2642 actuations on an unconfigured channel,313
2026-08-17,day,,45,,unconfigured,UnconfiguredDetector,info,10104.0,20.0,10104 actuations on an unconfigured channel,313
2026-08-17,day,,46,,unconfigured,UnconfiguredDetector,info,8785.0,20.0,8785 actuations on an unconfigured channel,313
2026-08-17,day,,55,,unconfigured,UnconfiguredDetector,info,13214.0,20.0,13214 actuations on an unconfigured channel,313
2025-12-10,day,,33,,unconfigured,UnconfiguredDetector,info,695.0,20.0,695 actuations on an unconfigured channel,315
2025-12-10,day,,37,,unconfigured,UnconfiguredDetector,info,6586.0,20.0,6586 actuations on an unconfigured channel,315
2025-12-10,day,,40,6,arrival,Chatter,low,0.07751623376623376,0.06,"7.8% short pulses (191), peers 1.6%; min off-gap 0.1 s",315
2025-12-10,day,,41,,unconfigured,UnconfiguredDetector,info,662.0,20.0,662 actuations on an unconfigured channel,315
2025-12-10,day,,42,,unconfigured,UnconfiguredDetector,info,920.0,20.0,920 actuations on an unconfigured channel,315
2025-12-10,day,,43,,unconfigured,UnconfiguredDetector,info,975.0,20.0,975 actuations on an unconfigured channel,315
2025-12-10,day,,44,,unconfigured,UnconfiguredDetector,info,562.0,20.0,562 actuations on an unconfigured channel,315
2025-12-10,day,,47,,unconfigured,UnconfiguredDetector,info,733.0,20.0,733 actuations on an unconfigured channel,315
2025-12-10,day,,49,,unconfigured,UnconfiguredDetector,info,1029.0,20.0,1029 actuations on an unconfigured channel,315
2025-12-10,day,,53,,unconfigured,UnconfiguredDetector,info,7351.0,20.0,7351 actuations on an unconfigured channel,315
2025-12-10,day,,57,,unconfigured,UnconfiguredDetector,info,830.0,20.0,830 actuations on an unconfigured channel,315
2025-12-10,day,,58,,unconfigured,UnconfiguredDetector,info,453.0,20.0,453 actuations on an unconfigured channel,315
2025-12-10,day,,59,,unconfigured,UnconfiguredDetector,info,460.0,20.0,460 actuations on an unconfigured channel,315
2025-12-10,day,,60,,unconfigured,UnconfiguredDetector,info,452.0,20.0,452 actuations on an unconfigured channel,315
2025-12-10,day,,63,,unconfigured,UnconfiguredDetector,info,962.0,20.0,962 actuations on an unconfigured channel,315
2025-12-14,day,,33,,unconfigured,UnconfiguredDetector,info,368.0,20.0,368 actuations on an unconfigured channel,315
2025-12-14,day,,37,,unconfigured,UnconfiguredDetector,info,4679.0,20.0,4679 actuations on an unconfigured channel,315
2025-12-14,day,,41,,unconfigured,UnconfiguredDetector,info,375.0,20.0,375 actuations on an unconfigured channel,315
2025-12-14,day,,42,,unconfigured,UnconfiguredDetector,info,693.0,20.0,693 actuations on an unconfigured channel,315
2025-12-14,day,,43,,unconfigured,UnconfiguredDetector,info,714.0,20.0,714 actuations on an unconfigured channel,315
2025-12-14,day,,44,,unconfigured,UnconfiguredDetector,info,515.0,20.0,515 actuations on an unconfigured channel,315
2025-12-14,day,,47,,unconfigured,UnconfiguredDetector,info,363.0,20.0,363 actuations on an unconfigured channel,315
2025-12-14,day,,49,,unconfigured,UnconfiguredDetector,info,908.0,20.0,908 actuations on an unconfigured channel,315
2025-12-14,day,,53,,unconfigured,UnconfiguredDetector,info,4559.0,20.0,4559 actuations on an unconfigured channel,315
2025-12-14,day,,57,,unconfigured,UnconfiguredDetector,info,577.0,20.0,577 actuations on an unconfigured channel,315
2025-12-14,day,,58,,unconfigured,UnconfiguredDetector,info,342.0,20.0,342 actuations on an unconfigured channel,315
2025-12-14,day,,59,,unconfigured,UnconfiguredDetector,info,332.0,20.0,332 actuations on an unconfigured channel,315
2025-12-14,day,,60,,unconfigured,UnconfiguredDetector,info,431.0,20.0,431 actuations on an unconfigured channel,315
2025-12-14,day,,63,,unconfigured,UnconfiguredDetector,info,859.0,20.0,859 actuations on an unconfigured channel,315
2025-12-15,day,1765811455.0,-1,,unit:all,Failsafe,high,12.0,12.0,"12 channels on at 08:10:55.0 (unit all, 1 burst); median release 127.4 s",315
2025-12-15,day,,33,,unconfigured,UnconfiguredDetector,info,718.0,20.0,718 actuations on an unconfigured channel,315
2025-12-15,day,,37,,unconfigured,UnconfiguredDetector,info,6929.0,20.0,6929 actuations on an unconfigured channel,315
2025-12-15,day,,40,6,arrival,Chatter,low,0.07042253521126761,0.06,"7.0% short pulses (185), peers 1.3%; min off-gap 0.1 s",315
2025-12-15,day,,41,,unconfigured,UnconfiguredDetector,info,667.0,20.0,667 actuations on an unconfigured channel,315
2025-12-15,day,,42,,unconfigured,UnconfiguredDetector,info,894.0,20.0,894 actuations on an unconfigured channel,315
2025-12-15,day,,43,,unconfigured,UnconfiguredDetector,info,928.0,20.0,928 actuations on an unconfigured channel,315
2025-12-15,day,,44,,unconfigured,UnconfiguredDetector,info,793.0,20.0,793 actuations on an unconfigured channel,315
2025-12-15,day,,47,,unconfigured,UnconfiguredDetector,info,486.0,20.0,486 actuations on an unconfigured channel,315
2025-12-15,day,,49,,unconfigured,UnconfiguredDetector,info,1087.0,20.0,1087 actuations on an unconfigured channel,315
2025-12-15,day,,53,,unconfigured,UnconfiguredDetector,info,7440.0,20.0,7440 actuations on an unconfigured channel,315
2025-12-15,day,,57,,unconfigured,UnconfiguredDetector,info,850.0,20.0,850 actuations on an unconfigured channel,315
2025-12-15,day,,58,,unconfigured,UnconfiguredDetector,info,461.0,20.0,461 actuations on an unconfigured channel,315
2025-12-15,day,,59,,unconfigured,UnconfiguredDetector,info,469.0,20.0,469 actuations on an unconfigured channel,315
2025-12-15,day,,60,,unconfigured,UnconfiguredDetector,info,509.0,20.0,509 actuations on an unconfigured channel,315
2025-12-15,day,,63,,unconfigured,UnconfiguredDetector,info,993.0,20.0,993 actuations on an unconfigured channel,315
2025-12-16,day,,33,,unconfigured,UnconfiguredDetector,info,738.0,20.0,738 actuations on an unconfigured channel,315
2025-12-16,day,,37,,unconfigured,UnconfiguredDetector,info,7612.0,20.0,7612 actuations on an unconfigured channel,315
2025-12-16,day,,40,6,arrival,Chatter,low,0.08183632734530938,0.06,"8.2% short pulses (246), peers 1.4%; min off-gap 0.1 s",315
2025-12-16,day,,41,,unconfigured,UnconfiguredDetector,info,793.0,20.0,793 actuations on an unconfigured channel,315
2025-12-16,day,,42,,unconfigured,UnconfiguredDetector,info,898.0,20.0,898 actuations on an unconfigured channel,315
2025-12-16,day,,43,,unconfigured,UnconfiguredDetector,info,938.0,20.0,938 actuations on an unconfigured channel,315
2025-12-16,day,,44,,unconfigured,UnconfiguredDetector,info,839.0,20.0,839 actuations on an unconfigured channel,315
2025-12-16,day,,47,,unconfigured,UnconfiguredDetector,info,570.0,20.0,570 actuations on an unconfigured channel,315
2025-12-16,day,,49,,unconfigured,UnconfiguredDetector,info,1105.0,20.0,1105 actuations on an unconfigured channel,315
2025-12-16,day,,53,,unconfigured,UnconfiguredDetector,info,8088.0,20.0,8088 actuations on an unconfigured channel,315
2025-12-16,day,,57,,unconfigured,UnconfiguredDetector,info,896.0,20.0,896 actuations on an unconfigured channel,315
2025-12-16,day,,58,,unconfigured,UnconfiguredDetector,info,495.0,20.0,495 actuations on an unconfigured channel,315
2025-12-16,day,,59,,unconfigured,UnconfiguredDetector,info,507.0,20.0,507 actuations on an unconfigured channel,315
2025-12-16,day,,60,,unconfigured,UnconfiguredDetector,info,512.0,20.0,512 actuations on an unconfigured channel,315
2025-12-16,day,,63,,unconfigured,UnconfiguredDetector,info,1018.0,20.0,1018 actuations on an unconfigured channel,315
2025-12-17,day,,33,,unconfigured,UnconfiguredDetector,info,739.0,20.0,739 actuations on an unconfigured channel,315
2025-12-17,day,,37,,unconfigured,UnconfiguredDetector,info,7360.0,20.0,7360 actuations on an unconfigured channel,315
2025-12-17,day,,40,6,arrival,Chatter,low,0.06557377049180328,0.06,"6.6% short pulses (184), peers 1.5%; min off-gap 0.1 s",315
2025-12-17,day,,41,,unconfigured,UnconfiguredDetector,info,686.0,20.0,686 actuations on an unconfigured channel,315
2025-12-17,day,,42,,unconfigured,UnconfiguredDetector,info,998.0,20.0,998 actuations on an unconfigured channel,315
2025-12-17,day,,43,,unconfigured,UnconfiguredDetector,info,1038.0,20.0,1038 actuations on an unconfigured channel,315
2025-12-17,day,,44,,unconfigured,UnconfiguredDetector,info,584.0,20.0,584 actuations on an unconfigured channel,315
2025-12-17,day,,47,,unconfigured,UnconfiguredDetector,info,758.0,20.0,758 actuations on an unconfigured channel,315
2025-12-17,day,,49,,unconfigured,UnconfiguredDetector,info,1096.0,20.0,1096 actuations on an unconfigured channel,315
2025-12-17,day,,53,,unconfigured,UnconfiguredDetector,info,7976.0,20.0,7976 actuations on an unconfigured channel,315
2025-12-17,day,,57,,unconfigured,UnconfiguredDetector,info,936.0,20.0,936 actuations on an unconfigured channel,315
2025-12-17,day,,58,,unconfigured,UnconfiguredDetector,info,481.0,20.0,481 actuations on an unconfigured channel,315
2025-12-17,day,,59,,unconfigured,UnconfiguredDetector,info,476.0,20.0,476 actuations on an unconfigured channel,315
2025-12-17,day,,60,,unconfigured,UnconfiguredDetector,info,564.0,20.0,564 actuations on an unconfigured channel,315
2025-12-17,day,,63,,unconfigured,UnconfiguredDetector,info,1113.0,20.0,1113 actuations on an unconfigured channel,315
2026-01-08,day,,33,,unconfigured,UnconfiguredDetector,info,1071.0,20.0,1071 actuations on an unconfigured channel,315
2026-01-08,day,,37,,unconfigured,UnconfiguredDetector,info,7889.0,20.0,7889 actuations on an unconfigured channel,315
2026-01-08,day,,40,6,arrival,Chatter,low,0.07355021216407355,0.06,"7.4% short pulses (208), peers 1.9%; min off-gap 0.1 s",315
2026-01-08,day,,41,,unconfigured,UnconfiguredDetector,info,742.0,20.0,742 actuations on an unconfigured channel,315
2026-01-08,day,,42,,unconfigured,UnconfiguredDetector,info,993.0,20.0,993 actuations on an unconfigured channel,315
2026-01-08,day,,43,,unconfigured,UnconfiguredDetector,info,1049.0,20.0,1049 actuations on an unconfigured channel,315
2026-01-08,day,,44,,unconfigured,UnconfiguredDetector,info,540.0,20.0,540 actuations on an unconfigured channel,315
2026-01-08,day,,47,,unconfigured,UnconfiguredDetector,info,1502.0,20.0,1502 actuations on an unconfigured channel,315
2026-01-08,day,,49,,unconfigured,UnconfiguredDetector,info,1065.0,20.0,1065 actuations on an unconfigured channel,315
2026-01-08,day,,53,,unconfigured,UnconfiguredDetector,info,8240.0,20.0,8240 actuations on an unconfigured channel,315
2026-01-08,day,,56,2,arrival,Chatter,low,0.06207565470417071,0.06,"6.2% short pulses (128), peers 1.5%; min off-gap 0.1 s",315
2026-01-08,day,,57,,unconfigured,UnconfiguredDetector,info,903.0,20.0,903 actuations on an unconfigured channel,315
2026-01-08,day,,58,,unconfigured,UnconfiguredDetector,info,534.0,20.0,534 actuations on an unconfigured channel,315
2026-01-08,day,,59,,unconfigured,UnconfiguredDetector,info,526.0,20.0,526 actuations on an unconfigured channel,315
2026-01-08,day,,60,,unconfigured,UnconfiguredDetector,info,500.0,20.0,500 actuations on an unconfigured channel,315
2026-01-08,day,,63,,unconfigured,UnconfiguredDetector,info,1070.0,20.0,1070 actuations on an unconfigured channel,315
2026-01-09,day,,33,,unconfigured,UnconfiguredDetector,info,1071.0,20.0,1071 actuations on an unconfigured channel,315
2026-01-09,day,,37,,unconfigured,UnconfiguredDetector,info,8489.0,20.0,8489 actuations on an unconfigured channel,315
2026-01-09,day,,40,6,arrival,Chatter,low,0.06928016221696519,0.06,"6.9% short pulses (205), peers 1.8%; min off-gap 0.1 s",315
2026-01-09,day,,41,,unconfigured,UnconfiguredDetector,info,889.0,20.0,889 actuations on an unconfigured channel,315
2026-01-09,day,,42,,unconfigured,UnconfiguredDetector,info,996.0,20.0,996 actuations on an unconfigured channel,315
2026-01-09,day,,43,,unconfigured,UnconfiguredDetector,info,1045.0,20.0,1045 actuations on an unconfigured channel,315
2026-01-09,day,,44,,unconfigured,UnconfiguredDetector,info,483.0,20.0,483 actuations on an unconfigured channel,315
2026-01-09,day,,47,,unconfigured,UnconfiguredDetector,info,1186.0,20.0,1186 actuations on an unconfigured channel,315
2026-01-09,day,,49,,unconfigured,UnconfiguredDetector,info,1078.0,20.0,1078 actuations on an unconfigured channel,315
2026-01-09,day,,53,,unconfigured,UnconfiguredDetector,info,8609.0,20.0,8609 actuations on an unconfigured channel,315
2026-01-09,day,,57,,unconfigured,UnconfiguredDetector,info,885.0,20.0,885 actuations on an unconfigured channel,315
2026-01-09,day,,58,,unconfigured,UnconfiguredDetector,info,503.0,20.0,503 actuations on an unconfigured channel,315
2026-01-09,day,,59,,unconfigured,UnconfiguredDetector,info,503.0,20.0,503 actuations on an unconfigured channel,315
2026-01-09,day,,60,,unconfigured,UnconfiguredDetector,info,518.0,20.0,518 actuations on an unconfigured channel,315
2026-01-09,day,,63,,unconfigured,UnconfiguredDetector,info,1108.0,20.0,1108 actuations on an unconfigured channel,315
2026-01-10,day,1768036519.5,-1,,unit:all,Failsafe,high,42.0,12.0,"42 channels on at 02:15:19.5 (unit all, 1 burst); median release 40.6 s",315
2026-01-10,day,1768039239.3,-1,,unit:all,Failsafe,high,42.0,12.0,"42 channels on at 03:00:39.2 (unit all, 1 burst); median release 38.5 s",315
2026-01-10,day,1768043589.1,-1,,unit:all,Failsafe,high,42.0,12.0,"42 channels on at 04:13:09.0 (unit all, 1 burst); median release 39.5 s",315
2026-01-10,day,,33,,unconfigured,UnconfiguredDetector,info,918.0,20.0,918 actuations on an unconfigured channel,315
2026-01-10,day,,37,,unconfigured,UnconfiguredDetector,info,6264.0,20.0,6264 actuations on an unconfigured channel,315
2026-01-10,day,,40,6,arrival,Chatter,low,0.07033248081841433,0.06,"7.0% short pulses (165), peers 1.3%; min off-gap 0.1 s",315
2026-01-10,day,,41,,unconfigured,UnconfiguredDetector,info,531.0,20.0,531 actuations on an unconfigured channel,315
2026-01-10,day,,42,,unconfigured,UnconfiguredDetector,info,855.0,20.0,855 actuations on an unconfigured channel,315
2026-01-10,day,,43,,unconfigured,UnconfiguredDetector,info,912.0,20.0,912 actuations on an unconfigured channel,315
2026-01-10,day,,44,,unconfigured,UnconfiguredDetector,info,432.0,20.0,432 actuations on an unconfigured channel,315
2026-01-10,day,,47,,unconfigured,UnconfiguredDetector,info,823.0,20.0,823 actuations on an unconfigured channel,315
2026-01-10,day,,49,,unconfigured,UnconfiguredDetector,info,1075.0,20.0,1075 actuations on an unconfigured channel,315
2026-01-10,day,,53,,unconfigured,UnconfiguredDetector,info,6358.0,20.0,6358 actuations on an unconfigured channel,315
2026-01-10,day,,56,2,arrival,Chatter,low,0.06015037593984962,0.06,"6.0% short pulses (104), peers 1.2%; min off-gap 0.1 s",315
2026-01-10,day,,57,,unconfigured,UnconfiguredDetector,info,750.0,20.0,750 actuations on an unconfigured channel,315
2026-01-10,day,,58,,unconfigured,UnconfiguredDetector,info,416.0,20.0,416 actuations on an unconfigured channel,315
2026-01-10,day,,59,,unconfigured,UnconfiguredDetector,info,545.0,20.0,545 actuations on an unconfigured channel,315
2026-01-10,day,,60,,unconfigured,UnconfiguredDetector,info,446.0,20.0,446 actuations on an unconfigured channel,315
2026-01-10,day,,63,,unconfigured,UnconfiguredDetector,info,1007.0,20.0,1007 actuations on an unconfigured channel,315
2026-01-11,day,1768125925.1,-1,,unit:all,Failsafe,high,42.0,12.0,"42 channels on at 03:05:25.0 (unit all, 1 burst); median release 37.0 s",315
2026-01-11,day,,31,4,stop_bar+tm,StuckOn,high,1464.0999999046326,900.0,on 24.4 min > 15.0 min,315
2026-01-11,day,,33,,unconfigured,UnconfiguredDetector,info,774.0,20.0,774 actuations on an unconfigured channel,315
2026-01-11,day,,37,,unconfigured,UnconfiguredDetector,info,4906.0,20.0,4906 actuations on an unconfigured channel,315
2026-01-11,day,,41,,unconfigured,UnconfiguredDetector,info,461.0,20.0,461 actuations on an unconfigured channel,315
2026-01-11,day,,42,,unconfigured,UnconfiguredDetector,info,650.0,20.0,650 actuations on an unconfigured channel,315
2026-01-11,day,,43,,unconfigured,UnconfiguredDetector,info,692.0,20.0,692 actuations on an unconfigured channel,315
2026-01-11,day,,44,,unconfigured,UnconfiguredDetector,info,407.0,20.0,407 actuations on an unconfigured channel,315
2026-01-11,day,,47,,unconfigured,UnconfiguredDetector,info,690.0,20.0,690 actuations on an unconfigured channel,315
2026-01-11,day,,49,,unconfigured,UnconfiguredDetector,info,978.0,20.0,978 actuations on an unconfigured channel,315
2026-01-11,day,,53,,unconfigured,UnconfiguredDetector,info,4806.0,20.0,4806 actuations on an unconfigured channel,315
2026-01-11,day,,57,,unconfigured,UnconfiguredDetector,info,570.0,20.0,570 actuations on an unconfigured channel,315
2026-01-11,day,,58,,unconfigured,UnconfiguredDetector,info,386.0,20.0,386 actuations on an unconfigured channel,315
2026-01-11,day,,59,,unconfigured,UnconfiguredDetector,info,559.0,20.0,559 actuations on an unconfigured channel,315
2026-01-11,day,,60,,unconfigured,UnconfiguredDetector,info,437.0,20.0,437 actuations on an unconfigured channel,315
2026-01-11,day,,63,,unconfigured,UnconfiguredDetector,info,875.0,20.0,875 actuations on an unconfigured channel,315
2026-02-24,day,,1,,unconfigured,UnconfiguredDetector,info,5101.0,20.0,5101 actuations on an unconfigured channel,701
2026-02-24,day,,5,,unconfigured,UnconfiguredDetector,info,3025.0,20.0,3025 actuations on an unconfigured channel,701
2026-02-24,day,,17,,unconfigured,UnconfiguredDetector,info,2565.0,20.0,2565 actuations on an unconfigured channel,701
2026-02-24,day,,35,,unconfigured,UnconfiguredDetector,info,1726.0,20.0,1726 actuations on an unconfigured channel,701
2026-02-24,day,,52,,unconfigured,UnconfiguredDetector,info,1877.0,20.0,1877 actuations on an unconfigured channel,701
2026-02-24,day,,64,,unconfigured,UnconfiguredDetector,info,568.0,20.0,568 actuations on an unconfigured channel,701
2026-02-25,day,,1,,unconfigured,UnconfiguredDetector,info,5407.0,20.0,5407 actuations on an unconfigured channel,701
2026-02-25,day,,5,,unconfigured,UnconfiguredDetector,info,3562.0,20.0,3562 actuations on an unconfigured channel,701
2026-02-25,day,,17,,unconfigured,UnconfiguredDetector,info,2221.0,20.0,2221 actuations on an unconfigured channel,701
2026-02-25,day,,35,,unconfigured,UnconfiguredDetector,info,1698.0,20.0,1698 actuations on an unconfigured channel,701
2026-02-25,day,,52,,unconfigured,UnconfiguredDetector,info,1912.0,20.0,1912 actuations on an unconfigured channel,701
2026-02-25,day,,64,,unconfigured,UnconfiguredDetector,info,621.0,20.0,621 actuations on an unconfigured channel,701
2026-02-26,day,,1,,unconfigured,UnconfiguredDetector,info,5529.0,20.0,5529 actuations on an unconfigured channel,701
2026-02-26,day,,5,,unconfigured,UnconfiguredDetector,info,3784.0,20.0,3784 actuations on an unconfigured channel,701
2026-02-26,day,,17,,unconfigured,UnconfiguredDetector,info,2518.0,20.0,2518 actuations on an unconfigured channel,701
2026-02-26,day,,35,,unconfigured,UnconfiguredDetector,info,1724.0,20.0,1724 actuations on an unconfigured channel,701
2026-02-26,day,,52,,unconfigured,UnconfiguredDetector,info,1901.0,20.0,1901 actuations on an unconfigured channel,701
2026-02-26,day,,64,,unconfigured,UnconfiguredDetector,info,625.0,20.0,625 actuations on an unconfigured channel,701
2026-02-27,day,,1,,unconfigured,UnconfiguredDetector,info,5838.0,20.0,5838 actuations on an unconfigured channel,701
2026-02-27,day,,5,,unconfigured,UnconfiguredDetector,info,3853.0,20.0,3853 actuations on an unconfigured channel,701
2026-02-27,day,,17,,unconfigured,UnconfiguredDetector,info,2441.0,20.0,2441 actuations on an unconfigured channel,701
2026-02-27,day,,35,,unconfigured,UnconfiguredDetector,info,1750.0,20.0,1750 actuations on an unconfigured channel,701
2026-02-27,day,,52,,unconfigured,UnconfiguredDetector,info,1809.0,20.0,1809 actuations on an unconfigured channel,701
2026-02-27,day,,64,,unconfigured,UnconfiguredDetector,info,603.0,20.0,603 actuations on an unconfigured channel,701
2026-02-28,day,1772306275.3,-1,,unit:all,Failsafe,high,12.0,12.0,"12 channels on at 12:17:55.2 (unit all, 1 burst); median release 231.5 s; phases maxed out: 1, 2, 3, 4, 5, 6",701
2026-02-28,day,,1,,unconfigured,UnconfiguredDetector,info,4610.0,20.0,4610 actuations on an unconfigured channel,701
2026-02-28,day,,5,,unconfigured,UnconfiguredDetector,info,2719.0,20.0,2719 actuations on an unconfigured channel,701
2026-02-28,day,,17,,unconfigured,UnconfiguredDetector,info,2196.0,20.0,2196 actuations on an unconfigured channel,701
2026-02-28,day,,35,,unconfigured,UnconfiguredDetector,info,1578.0,20.0,1578 actuations on an unconfigured channel,701
2026-02-28,day,,52,,unconfigured,UnconfiguredDetector,info,1828.0,20.0,1828 actuations on an unconfigured channel,701
2026-02-28,day,,64,,unconfigured,UnconfiguredDetector,info,457.0,20.0,457 actuations on an unconfigured channel,701
2026-06-13,day,1781416746.5,-1,,unit:all,Failsafe,info,31.0,12.0,"31 channels on at 23:59:06.5 (unit all, 1 burst); median release 54.6 s; inside reboot window 'pre_midnight'; phases maxed out: 3",701
2026-06-13,day,,2,2,pairs,ConfiguredSilent,high,0.0,0.0,no actuations in 24.0 h logged,701
2026-06-13,day,,3,2,pairs,ConfiguredSilent,high,0.0,0.0,no actuations in 24.0 h logged,701
2026-06-13,day,,4,5,pairs,ConfiguredSilent,high,0.0,0.0,no actuations in 24.0 h logged,701
2026-06-13,day,,6,3,pairs,ConfiguredSilent,high,0.0,0.0,no actuations in 24.0 h logged,701
2026-06-13,day,,7,3,pairs,ConfiguredSilent,high,0.0,0.0,no actuations in 24.0 h logged,701
2026-06-13,day,,18,6,pairs,ConfiguredSilent,high,0.0,0.0,no actuations in 24.0 h logged,701
2026-06-13,day,,19,6,pairs,ConfiguredSilent,high,0.0,0.0,no actuations in 24.0 h logged,701
2026-06-13,day,,20,1,pairs,ConfiguredSilent,high,0.0,0.0,no actuations in 24.0 h logged,701
2026-06-13,day,,21,4,pairs,ConfiguredSilent,high,0.0,0.0,no actuations in 24.0 h logged,701
2026-06-13,day,,22,4,pairs,ConfiguredSilent,high,0.0,0.0,no actuations in 24.0 h logged,701
2026-06-13,day,,35,,unconfigured,UnconfiguredDetector,info,988.0,20.0,988 actuations on an unconfigured channel,701
2026-06-13,day,,52,,unconfigured,UnconfiguredDetector,info,6031.0,20.0,6031 actuations on an unconfigured channel,701
2026-06-13,day,,57,,tm,LowDetectorHits,low,1.0,20.0,1 actuations (< 20),701
2026-06-13,day,,58,,tm,LowDetectorHits,low,1.0,20.0,1 actuations (< 20),701
2026-06-13,day,,64,,unconfigured,UnconfiguredDetector,info,3185.0,20.0,3185 actuations on an unconfigured channel,701
2026-06-14,day,1781423716.2,-1,,unit:all,Failsafe,info,32.0,12.0,"32 channels on at 01:55:16.2 (unit all, 1 burst); median release 74.1 s; inside reboot window 'early'; phases maxed out: 3, 4, 5",701
2026-06-14,day,1781503146.6,-1,,unit:all,Failsafe,info,32.0,12.0,"32 channels on at 23:59:06.5 (unit all, 1 burst); median release 54.5 s; inside reboot window 'pre_midnight'; phases maxed out: 3",701
2026-06-14,day,,2,2,pairs,ConfiguredSilent,high,0.0,0.0,no actuations in 24.0 h logged,701
2026-06-14,day,,3,2,pairs,ConfiguredSilent,high,0.0,0.0,no actuations in 24.0 h logged,701
2026-06-14,day,,4,5,pairs,ConfiguredSilent,high,0.0,0.0,no actuations in 24.0 h logged,701
2026-06-14,day,,6,3,pairs,ConfiguredSilent,high,0.0,0.0,no actuations in 24.0 h logged,701
2026-06-14,day,,7,3,pairs,ConfiguredSilent,high,0.0,0.0,no actuations in 24.0 h logged,701
2026-06-14,day,,18,6,pairs,ConfiguredSilent,high,0.0,0.0,no actuations in 24.0 h logged,701
2026-06-14,day,,19,6,pairs,ConfiguredSilent,high,0.0,0.0,no actuations in 24.0 h logged,701
2026-06-14,day,,20,1,pairs,ConfiguredSilent,high,0.0,0.0,no actuations in 24.0 h logged,701
2026-06-14,day,,21,4,pairs,ConfiguredSilent,high,0.0,0.0,no actuations in 24.0 h logged,701
2026-06-14,day,,22,4,pairs,ConfiguredSilent,high,0.0,0.0,no actuations in 24.0 h logged,701
2026-06-14,day,,35,,unconfigured,UnconfiguredDetector,info,983.0,20.0,983 actuations on an unconfigured channel,701
2026-06-14,day,,52,,unconfigured,UnconfiguredDetector,info,5125.0,20.0,5125 actuations on an unconfigured channel,701
2026-06-14,day,,57,,tm,LowDetectorHits,low,4.0,20.0,4 actuations (< 20),701
2026-06-14,day,,58,,tm,LowDetectorHits,low,4.0,20.0,4 actuations (< 20),701
2026-06-14,day,,64,,unconfigured,UnconfiguredDetector,info,2597.0,20.0,2597 actuations on an unconfigured channel,701
2026-06-15,day,1781589546.7,-1,,unit:all,Failsafe,info,32.0,12.0,"32 channels on at 23:59:06.7 (unit all, 1 burst); median release 54.4 s; inside reboot window 'pre_midnight'; phases maxed out: 2, 6",701
2026-06-15,day,,2,2,pairs,ConfiguredSilent,high,0.0,0.0,no actuations in 24.0 h logged,701
2026-06-15,day,,3,2,pairs,ConfiguredSilent,high,0.0,0.0,no actuations in 24.0 h logged,701
2026-06-15,day,,4,5,pairs,ConfiguredSilent,high,0.0,0.0,no actuations in 24.0 h logged,701
2026-06-15,day,,6,3,pairs,ConfiguredSilent,high,0.0,0.0,no actuations in 24.0 h logged,701
2026-06-15,day,,7,3,pairs,ConfiguredSilent,high,0.0,0.0,no actuations in 24.0 h logged,701
2026-06-15,day,,18,6,pairs,ConfiguredSilent,high,0.0,0.0,no actuations in 24.0 h logged,701
2026-06-15,day,,19,6,pairs,ConfiguredSilent,high,0.0,0.0,no actuations in 24.0 h logged,701
2026-06-15,day,,20,1,pairs,ConfiguredSilent,high,0.0,0.0,no actuations in 24.0 h logged,701
2026-06-15,day,,21,4,pairs,ConfiguredSilent,high,0.0,0.0,no actuations in 24.0 h logged,701
2026-06-15,day,,22,4,pairs,ConfiguredSilent,high,0.0,0.0,no actuations in 24.0 h logged,701
2026-06-15,day,,35,,unconfigured,UnconfiguredDetector,info,1265.0,20.0,1265 actuations on an unconfigured channel,701
2026-06-15,day,,52,,unconfigured,UnconfiguredDetector,info,6976.0,20.0,6976 actuations on an unconfigured channel,701
2026-06-15,day,,57,,tm,LowDetectorHits,low,2.0,20.0,2 actuations (< 20),701
2026-06-15,day,,58,,tm,LowDetectorHits,low,2.0,20.0,2 actuations (< 20),701
2026-06-15,day,,64,,unconfigured,UnconfiguredDetector,info,3972.0,20.0,3972 actuations on an unconfigured channel,701
2026-06-16,day,1781675946.3,-1,,unit:all,Failsafe,low,32.0,12.0,"32 channels on at 23:59:06.2 (unit all, 1 burst); release not observed; inside reboot window 'pre_midnight'",701
2026-06-16,day,,2,2,pairs,ConfiguredSilent,high,0.0,0.0,no actuations in 24.0 h logged,701
2026-06-16,day,,3,2,pairs,ConfiguredSilent,high,0.0,0.0,no actuations in 24.0 h logged,701
2026-06-16,day,,4,5,pairs,ConfiguredSilent,high,0.0,0.0,no actuations in 24.0 h logged,701
2026-06-16,day,,6,3,pairs,ConfiguredSilent,high,0.0,0.0,no actuations in 24.0 h logged,701
2026-06-16,day,,7,3,pairs,ConfiguredSilent,high,0.0,0.0,no actuations in 24.0 h logged,701
2026-06-16,day,,18,6,pairs,ConfiguredSilent,high,0.0,0.0,no actuations in 24.0 h logged,701
2026-06-16,day,,19,6,pairs,ConfiguredSilent,high,0.0,0.0,no actuations in 24.0 h logged,701
2026-06-16,day,,20,1,pairs,ConfiguredSilent,high,0.0,0.0,no actuations in 24.0 h logged,701
2026-06-16,day,,21,4,pairs,ConfiguredSilent,high,0.0,0.0,no actuations in 24.0 h logged,701
2026-06-16,day,,22,4,pairs,ConfiguredSilent,high,0.0,0.0,no actuations in 24.0 h logged,701
2026-06-16,day,,35,,unconfigured,UnconfiguredDetector,info,1293.0,20.0,1293 actuations on an unconfigured channel,701
2026-06-16,day,,52,,unconfigured,UnconfiguredDetector,info,7052.0,20.0,7052 actuations on an unconfigured channel,701
2026-06-16,day,,57,,tm,LowDetectorHits,low,2.0,20.0,2 actuations (< 20),701
2026-06-16,day,,58,,tm,LowDetectorHits,low,2.0,20.0,2 actuations (< 20),701
2026-06-16,day,,64,,unconfigured,UnconfiguredDetector,info,3950.0,20.0,3950 actuations on an unconfigured channel,701
