rule,grid,201,313,315,701
Chatter,2.0,0,0,18,0
Chatter,3.0,0,0,9,0
Chatter,5.0,0,0,0,0
ConfiguredSilent,0.8,38,117,0,40
ConfiguredSilent,0.9,38,108,0,40
ConfiguredSilent,0.95,38,108,0,40
Failsafe,6.0,15,5,7,21
Failsafe,8.0,14,3,6,19
Failsafe,12.0,14,0,5,6
Failsafe,16.0,12,0,4,5
LowDetectorHits,10.0,0,0,0,8
LowDetectorHits,20.0,0,0,0,8
LowDetectorHits,50.0,5,0,0,8
LowDetectorHits,100.0,12,0,0,9
StuckOn,5.0,29,3,7,55
StuckOn,10.0,10,0,1,19
StuckOn,15.0,5,0,1,6
StuckOn,30.0,3,0,0,0
StuckOn,60.0,2,0,0,0
UnconfiguredDetector,1.0,254,70,126,43
UnconfiguredDetector,20.0,85,70,126,42
UnconfiguredDetector,100.0,79,70,126,42
