ts,unit,n_channels,channels,released_s,n_censored,n_reasserted,reasserted,site,local
1773899946.1,all,14,"(17, 18, 21, 22, 23, 24, 25, 26, 27, 28, 29, 30, 31, 32)",70.40000009536743,0,0,False,201,2026-03-18 23:59:06.0
1773899946.4,all,16,"(1, 2, 3, 4, 5, 6, 7, 8, 9, 10, 11, 12, 13, 14, 15, 16)",169.5,0,0,False,201,2026-03-18 23:59:06.4
1773906912.2,all,16,"(1, 2, 3, 4, 5, 6, 7, 8, 9, 10, 11, 12, 13, 14, 15, 16)",73.70000004768372,0,0,False,201,2026-03-19 01:55:12.2
1773906915.0,all,14,"(17, 18, 21, 22, 23, 24, 25, 26, 27, 28, 29, 30, 31, 32)",37.0,0,0,False,201,2026-03-19 01:55:15.0
1773906989.7,all,6,"(17, 22, 24, 26, 31, 32)",0.09999990463256836,0,1,False,201,2026-03-19 01:56:29.7
1773986347.1,all,14,"(17, 18, 21, 22, 23, 24, 25, 26, 27, 28, 29, 30, 31, 32)",27.15000009536743,0,0,False,201,2026-03-19 23:59:07.0
1773986347.8,all,16,"(1, 2, 3, 4, 5, 6, 7, 8, 9, 10, 11, 12, 13, 14, 15, 16)",53.5,0,0,False,201,2026-03-19 23:59:07.7
1773986401.6,all,14,"(17, 18, 21, 22, 23, 24, 25, 26, 27, 28, 29, 30, 31, 32)",43.10000014305115,0,7,False,201,2026-03-20 00:00:01.5
1773986401.7,all,16,"(1, 2, 3, 4, 5, 6, 7, 8, 9, 10, 11, 12, 13, 14, 15, 16)",90.70000004768372,0,10,True,201,2026-03-20 00:00:01.7
1774072747.3,all,16,"(1, 2, 3, 4, 5, 6, 7, 8, 9, 10, 11, 12, 13, 14, 15, 16)",144.40000009536743,0,0,False,201,2026-03-20 23:59:07.2
1774072747.9,all,14,"(17, 18, 21, 22, 23, 24, 25, 26, 27, 28, 29, 30, 31, 32)",26.74999988079071,0,0,False,201,2026-03-20 23:59:07.9
1774072801.6,all,14,"(17, 18, 21, 22, 23, 24, 25, 26, 27, 28, 29, 30, 31, 32)",40.200000166893005,0,7,False,201,2026-03-21 00:00:01.5
1781935147.9,all,16,"(1, 2, 3, 4, 5, 6, 7, 8, 9, 10, 11, 12, 13, 14, 15, 16)",53.39999985694885,0,0,False,201,2026-06-19 23:59:07.9
1781935201.6,all,16,"(1, 2, 3, 4, 5, 6, 7, 8, 9, 10, 11, 12, 13, 14, 15, 16)",97.70000004768372,0,16,True,201,2026-06-20 00:00:01.5
1781942113.5,all,16,"(1, 2, 3, 4, 5, 6, 7, 8, 9, 10, 11, 12, 13, 14, 15, 16)",77.09999990463257,0,0,False,201,2026-06-20 01:55:13.5
1782007808.3,all,16,"(1, 2, 3, 4, 5, 6, 7, 8, 9, 10, 11, 12, 13, 14, 15, 16)",77.20000004768372,0,0,False,201,2026-06-20 20:10:08.2
1782021546.2,all,17,"(1, 2, 3, 4, 5, 6, 7, 8, 9, 10, 11, 12, 13, 14, 15, 16, 33)",171.09999990463257,0,0,False,201,2026-06-20 23:59:06.2
1782107945.1,all,16,"(1, 2, 3, 4, 5, 6, 7, 8, 9, 10, 11, 12, 13, 14, 15, 16)",55.200000047683716,0,0,False,201,2026-06-21 23:59:05.0
1782108000.8,all,16,"(1, 2, 3, 4, 5, 6, 7, 8, 9, 10, 11, 12, 13, 14, 15, 16)",0.5,0,16,True,201,2026-06-22 00:00:00.7
1782108001.5,all,16,"(1, 2, 3, 4, 5, 6, 7, 8, 9, 10, 11, 12, 13, 14, 15, 16)",71.40000009536743,0,16,True,201,2026-06-22 00:00:01.5
1782231511.6,all,16,"(1, 2, 3, 4, 5, 6, 7, 8, 9, 10, 11, 12, 13, 14, 15, 16)",70.5,0,0,False,201,2026-06-23 10:18:31.5
1782280746.1,all,16,"(1, 2, 3, 4, 5, 6, 7, 8, 9, 10, 11, 12, 13, 14, 15, 16)",154.20000004768372,0,0,False,201,2026-06-23 23:59:06.0
1782367147.5,all,17,"(1, 2, 3, 4, 5, 6, 7, 8, 9, 10, 11, 12, 13, 14, 15, 16, 31)",,16,0,False,201,2026-06-24 23:59:07.5
1785960992.6,all,7,"(36, 40, 43, 45, 46, 47, 48)",268.80000019073486,0,0,False,313,2026-08-05 14:16:32.5
1785961936.5,all,8,"(34, 39, 40, 45, 46, 47, 48, 55)",0.5,0,0,False,313,2026-08-05 14:32:16.5
1785961998.1,all,7,"(39, 40, 45, 46, 47, 48, 55)",0.5,0,0,False,313,2026-08-05 14:33:18.0
1785962441.0,all,8,"(35, 36, 38, 39, 45, 47, 48, 55)",0.5,0,0,False,313,2026-08-05 14:40:41.0
1785962454.5,all,8,"(38, 39, 40, 43, 46, 47, 48, 55)",0.5,0,1,False,313,2026-08-05 14:40:54.5
1765811455.0,all,12,"(19, 20, 21, 33, 34, 35, 36, 37, 38, 39, 40, 41)",127.35000002384186,0,0,False,315,2025-12-15 08:10:55.0
1765832681.5,all,11,"(20, 21, 33, 34, 35, 36, 37, 38, 39, 40, 41)",144.79999995231628,0,0,False,315,2025-12-15 14:04:41.5
1768003270.1,all,6,"(18, 26, 35, 37, 50, 51)",0.8500000238418579,0,1,False,315,2026-01-09 17:01:10.0
1768036519.5,all,42,"(17, 18, 19, 20, 21, 22, 23, 24, 25, 26, 27, 28, 29, 30, 31, 32, 33, 34, 35, 36, 37, 38, 39, 40, 41, 42, 43, 44, 47, 49, 50, 51, 52, 53, 54, 55, 56, 57, 58, 59, 60, 63)",40.59999990463257,0,0,False,315,2026-01-10 02:15:19.5
1768039239.3,all,42,"(17, 18, 19, 20, 21, 22, 23, 24, 25, 26, 27, 28, 29, 30, 31, 32, 33, 34, 35, 36, 37, 38, 39, 40, 41, 42, 43, 44, 47, 49, 50, 51, 52, 53, 54, 55, 56, 57, 58, 59, 60, 63)",38.5,0,0,False,315,2026-01-10 03:00:39.2
1768043589.1,all,42,"(17, 18, 19, 20, 21, 22, 23, 24, 25, 26, 27, 28, 29, 30, 31, 32, 33, 34, 35, 36, 37, 38, 39, 40, 41, 42, 43, 44, 47, 49, 50, 51, 52, 53, 54, 55, 56, 57, 58, 59, 60, 63)",39.5,0,0,False,315,2026-01-10 04:13:09.0
1768125925.1,all,42,"(17, 18, 19, 20, 21, 22, 23, 24, 25, 26, 27, 28, 29, 30, 31, 32, 33, 34, 35, 36, 37, 38, 39, 40, 41, 42, 43, 44, 47, 49, 50, 51, 52, 53, 54, 55, 56, 57, 58, 59, 60, 63)",37.0,0,0,False,315,2026-01-11 03:05:25.0
1772002235.7,all,10,"(49, 50, 51, 52, 53, 54, 55, 56, 57, 58)",6.0,0,3,False,701,2026-02-24 23:50:35.7
1772002406.3,all,10,"(49, 50, 51, 52, 53, 54, 55, 56, 57, 58)",6.400000095367432,0,0,False,701,2026-02-24 23:53:26.2
1772002596.1,all,10,"(49, 50, 51, 52, 53, 54, 55, 56, 57, 58)",6.300000190734863,0,0,False,701,2026-02-24 23:56:36.0
1772007937.5,all,10,"(49, 50, 51, 52, 53, 54, 55, 56, 57, 58)",6.400000095367432,0,0,False,701,2026-02-25 01:25:37.5
1772013742.3,all,10,"(49, 50, 51, 52, 53, 54, 55, 56, 57, 58)",12.700000047683716,0,0,False,701,2026-02-25 03:02:22.2
1772019273.8,all,10,"(49, 50, 51, 52, 53, 54, 55, 56, 57, 58)",6.299999952316284,0,1,False,701,2026-02-25 04:34:33.7
1772019387.8,all,10,"(49, 50, 51, 52, 53, 54, 55, 56, 57, 58)",6.400000095367432,0,0,False,701,2026-02-25 04:36:27.7
1772019609.3,all,10,"(49, 50, 51, 52, 53, 54, 55, 56, 57, 58)",6.299999952316284,0,0,False,701,2026-02-25 04:40:09.2
1772019685.2,all,10,"(49, 50, 51, 52, 53, 54, 55, 56, 57, 58)",6.3999998569488525,0,0,False,701,2026-02-25 04:41:25.2
1772019786.3,all,10,"(49, 50, 51, 52, 53, 54, 55, 56, 57, 58)",6.299999952316284,0,0,False,701,2026-02-25 04:43:06.2
1772025043.4,all,9,"(49, 50, 51, 53, 54, 55, 56, 57, 58)",6.299999952316284,0,0,False,701,2026-02-25 06:10:43.4
1772025151.9,all,10,"(49, 50, 51, 52, 53, 54, 55, 56, 57, 58)",6.3999998569488525,0,0,False,701,2026-02-25 06:12:31.9
1772089473.2,all,6,"(59, 60, 61, 62, 63, 64)",6.3999998569488525,0,0,False,701,2026-02-26 00:04:33.2
1772135194.1,all,6,"(3, 44, 46, 47, 52, 53)",1.1500000953674316,0,2,False,701,2026-02-26 12:46:34.0
1772181357.6,all,8,"(33, 34, 35, 36, 37, 38, 39, 40)",6.300000190734863,0,0,False,701,2026-02-27 01:35:57.5
1772306275.3,all,12,"(34, 35, 36, 37, 38, 39, 40, 41, 45, 46, 47, 48)",231.5,0,0,False,701,2026-02-28 12:17:55.2
1772306276.3,all,6,"(51, 53, 54, 55, 56, 57)",230.5,0,0,False,701,2026-02-28 12:17:56.2
1781330502.2,all,6,"(59, 60, 61, 62, 63, 64)",7.0,0,6,True,701,2026-06-13 00:01:42.2
1781330502.5,all,8,"(37, 38, 39, 40, 49, 50, 51, 52)",7.0,0,8,True,701,2026-06-13 00:01:42.5
1781373601.2,all,7,"(33, 34, 35, 42, 43, 51, 60)",22.399999856948853,0,7,True,701,2026-06-13 12:00:01.2
1781377201.5,all,8,"(34, 41, 42, 43, 49, 50, 51, 60)",24.850000023841858,0,8,True,701,2026-06-13 13:00:01.5
1781391600.8,all,8,"(33, 34, 35, 42, 43, 49, 59, 60)",49.950000047683716,0,8,True,701,2026-06-13 17:00:00.7
1781416746.5,all,31,"(33, 34, 35, 37, 38, 39, 40, 41, 42, 43, 44, 45, 46, 47, 48, 49, 50, 51, 52, 53, 54, 55, 56, 57, 58, 59, 60, 61, 62, 63, 64)",54.59999990463257,0,0,False,701,2026-06-13 23:59:06.5
1781416801.5,all,32,"(33, 34, 35, 36, 37, 38, 39, 40, 41, 42, 43, 44, 45, 46, 47, 48, 49, 50, 51, 52, 53, 54, 55, 56, 57, 58, 59, 60, 61, 62, 63, 64)",90.29999995231628,0,32,True,701,2026-06-14 00:00:01.5
1781416892.1,all,8,"(37, 38, 39, 40, 49, 50, 51, 52)",6.900000095367432,0,8,True,701,2026-06-14 00:01:32.0
1781416892.6,all,8,"(33, 34, 35, 36, 53, 54, 55, 56)",6.900000095367432,0,8,True,701,2026-06-14 00:01:32.5
1781423716.2,all,32,"(33, 34, 35, 36, 37, 38, 39, 40, 41, 42, 43, 44, 45, 46, 47, 48, 49, 50, 51, 52, 53, 54, 55, 56, 57, 58, 59, 60, 61, 62, 63, 64)",74.09999990463257,0,0,False,701,2026-06-14 01:55:16.2
1781423790.7,all,30,"(33, 34, 35, 36, 37, 38, 39, 40, 41, 42, 43, 44, 45, 46, 47, 48, 49, 50, 51, 52, 53, 54, 55, 56, 59, 60, 61, 62, 63, 64)",73.0,0,30,True,701,2026-06-14 01:56:30.7
1781452800.6,all,8,"(34, 35, 42, 43, 49, 50, 51, 60)",38.40000009536743,0,8,True,701,2026-06-14 10:00:00.5
1781456401.2,all,8,"(33, 35, 41, 42, 49, 50, 51, 60)",36.85000002384186,0,8,True,701,2026-06-14 11:00:01.2
1781463601.3,all,8,"(33, 34, 35, 41, 42, 49, 50, 51)",39.0,0,8,True,701,2026-06-14 13:00:01.2
1781478000.4,all,8,"(33, 34, 41, 42, 43, 49, 50, 51)",0.5999999046325684,0,8,True,701,2026-06-14 17:00:00.4
1781478001.2,all,8,"(33, 34, 41, 42, 43, 49, 50, 51)",20.799999952316284,0,8,True,701,2026-06-14 17:00:01.2
1781503146.6,all,32,"(33, 34, 35, 36, 37, 38, 39, 40, 41, 42, 43, 44, 45, 46, 47, 48, 49, 50, 51, 52, 53, 54, 55, 56, 57, 58, 59, 60, 61, 62, 63, 64)",54.5,0,0,False,701,2026-06-14 23:59:06.5
1781503201.5,all,32,"(33, 34, 35, 36, 37, 38, 39, 40, 41, 42, 43, 44, 45, 46, 47, 48, 49, 50, 51, 52, 53, 54, 55, 56, 57, 58, 59, 60, 61, 62, 63, 64)",67.20000004768372,0,32,True,701,2026-06-15 00:00:01.5
1781503269.0,all,8,"(37, 38, 39, 40, 49, 50, 51, 52)",7.200000047683716,0,8,True,701,2026-06-15 00:01:09.0
1781503269.5,all,8,"(33, 34, 35, 36, 53, 54, 55, 56)",7.099999904632568,0,8,True,701,2026-06-15 00:01:09.5
1781532001.4,all,8,"(35, 42, 49, 50, 51, 59, 60, 61)",45.199999928474426,0,8,True,701,2026-06-15 08:00:01.4
1781535600.9,all,9,"(33, 34, 35, 38, 42, 49, 51, 52, 60)",51.89999985694885,0,7,True,701,2026-06-15 09:00:00.9
1781539201.4,all,8,"(33, 34, 35, 36, 42, 49, 59, 60)",34.24999988079071,0,8,True,701,2026-06-15 10:00:01.4
1781542800.5,all,7,"(35, 36, 42, 49, 50, 51, 60)",74.09999990463257,0,7,True,701,2026-06-15 11:00:00.5
1781546401.5,all,7,"(35, 42, 49, 50, 51, 59, 60)",45.09999990463257,0,7,True,701,2026-06-15 12:00:01.5
1781550000.5,all,8,"(33, 35, 41, 42, 49, 50, 51, 60)",53.950000047683716,0,8,True,701,2026-06-15 13:00:00.5
1781553601.3,all,9,"(34, 35, 41, 42, 43, 49, 50, 51, 60)",68.0,0,9,True,701,2026-06-15 14:00:01.2
1781557200.5,all,10,"(33, 34, 35, 41, 42, 43, 44, 49, 50, 51)",36.200000047683716,0,9,True,701,2026-06-15 15:00:00.5
1781560801.3,all,9,"(34, 35, 36, 42, 43, 49, 50, 51, 60)",72.79999995231628,0,9,True,701,2026-06-15 16:00:01.2
1781564401.2,all,9,"(33, 34, 42, 43, 49, 50, 59, 60, 61)",39.0,0,9,True,701,2026-06-15 17:00:01.2
1781568001.2,all,8,"(33, 34, 35, 41, 42, 49, 51, 60)",62.449999928474426,0,7,True,701,2026-06-15 18:00:01.2
1781571601.4,all,6,"(33, 34, 35, 42, 59, 60)",21.049999952316284,0,6,True,701,2026-06-15 19:00:01.4
1781575201.2,all,7,"(33, 34, 35, 42, 49, 59, 60)",21.799999952316284,0,7,True,701,2026-06-15 20:00:01.2
1781589546.7,all,32,"(33, 34, 35, 36, 37, 38, 39, 40, 41, 42, 43, 44, 45, 46, 47, 48, 49, 50, 51, 52, 53, 54, 55, 56, 57, 58, 59, 60, 61, 62, 63, 64)",54.39999985694885,0,1,False,701,2026-06-15 23:59:06.7
1781589601.5,all,32,"(33, 34, 35, 36, 37, 38, 39, 40, 41, 42, 43, 44, 45, 46, 47, 48, 49, 50, 51, 52, 53, 54, 55, 56, 57, 58, 59, 60, 61, 62, 63, 64)",109.90000009536743,0,32,True,701,2026-06-16 00:00:01.5
1781589711.6,all,6,"(59, 60, 61, 62, 63, 64)",7.1000001430511475,0,6,True,701,2026-06-16 00:01:51.5
1781589712.1,all,8,"(37, 38, 39, 40, 49, 50, 51, 52)",6.700000047683716,0,8,True,701,2026-06-16 00:01:52.0
1781589712.4,all,8,"(33, 34, 35, 36, 53, 54, 55, 56)",6.8999998569488525,0,8,True,701,2026-06-16 00:01:52.4
1781618401.5,all,8,"(33, 34, 35, 36, 42, 49, 51, 60)",59.0,0,8,True,701,2026-06-16 08:00:01.5
1781625600.7,all,9,"(33, 34, 35, 36, 42, 49, 50, 59, 60)",42.59999990463257,0,8,True,701,2026-06-16 10:00:00.7
1781629201.5,all,7,"(33, 34, 41, 42, 49, 51, 60)",59.200000047683716,0,7,True,701,2026-06-16 11:00:01.5
1781632801.3,all,9,"(33, 34, 35, 36, 42, 43, 46, 59, 60)",5.5,0,8,True,701,2026-06-16 12:00:01.2
1781636401.3,all,10,"(33, 34, 35, 42, 43, 49, 50, 51, 60, 61)",49.450000047683716,0,9,True,701,2026-06-16 13:00:01.2
1781640000.5,all,6,"(34, 49, 51, 59, 60, 61)",20.15000009536743,0,5,True,701,2026-06-16 14:00:00.5
1781643600.5,all,9,"(33, 34, 35, 42, 43, 49, 51, 60, 64)",34.09999990463257,0,8,True,701,2026-06-16 15:00:00.5
1781647200.9,all,7,"(42, 43, 49, 50, 51, 59, 60)",65.09999990463257,0,7,True,701,2026-06-16 16:00:00.9
1781650800.5,all,6,"(33, 34, 35, 49, 59, 60)",39.0,0,6,True,701,2026-06-16 17:00:00.5
1781675946.3,all,32,"(33, 34, 35, 36, 37, 38, 39, 40, 41, 42, 43, 44, 45, 46, 47, 48, 49, 50, 51, 52, 53, 54, 55, 56, 57, 58, 59, 60, 61, 62, 63, 64)",,32,0,False,701,2026-06-16 23:59:06.2
