site,grid,date,window,ts,detector,phase,role,severity,value,threshold,message
315,2.0,2025-12-10,day,,40,6,arrival,low,0.07751623376623376,0.04,"7.8% short pulses (191), peers 1.6%; min off-gap 0.1 s"
315,2.0,2025-12-10,day,,56,2,arrival,low,0.05675954592363261,0.04,"5.7% short pulses (110), peers 1.4%; min off-gap 0.1 s"
315,2.0,2025-12-14,day,,40,6,arrival,low,0.052002080083203325,0.04,"5.2% short pulses (100), peers 0.8%; min off-gap 0.1 s"
315,2.0,2025-12-14,day,,56,2,arrival,low,0.05887096774193548,0.04,"5.9% short pulses (73), peers 1.1%; min off-gap 0.1 s"
315,2.0,2025-12-15,day,,40,6,arrival,low,0.07042253521126761,0.04,"7.0% short pulses (185), peers 1.3%; min off-gap 0.1 s"
315,2.0,2025-12-15,day,,56,2,arrival,low,0.05857957490927942,0.04,"5.9% short pulses (113), peers 1.2%; min off-gap 0.1 s"
315,2.0,2025-12-16,day,,40,6,arrival,low,0.08183632734530938,0.04,"8.2% short pulses (246), peers 1.4%; min off-gap 0.1 s"
315,2.0,2025-12-16,day,,56,2,arrival,low,0.05116058739933681,0.04,"5.1% short pulses (108), peers 1.5%; min off-gap 0.1 s"
315,2.0,2025-12-17,day,,40,6,arrival,low,0.06557377049180328,0.04,"6.6% short pulses (184), peers 1.5%; min off-gap 0.1 s"
315,2.0,2025-12-17,day,,56,2,arrival,low,0.057619816908992996,0.04,"5.8% short pulses (107), peers 1.8%; min off-gap 0.1 s"
315,2.0,2026-01-08,day,,40,6,arrival,low,0.07355021216407355,0.04,"7.4% short pulses (208), peers 1.9%; min off-gap 0.1 s"
315,2.0,2026-01-08,day,,56,2,arrival,low,0.06207565470417071,0.04,"6.2% short pulses (128), peers 1.5%; min off-gap 0.1 s"
315,2.0,2026-01-09,day,,40,6,arrival,low,0.06928016221696519,0.04,"6.9% short pulses (205), peers 1.8%; min off-gap 0.1 s"
315,2.0,2026-01-09,day,,56,2,arrival,low,0.048247610377787895,0.04,"4.8% short pulses (106), peers 1.5%; min off-gap 0.1 s"
315,2.0,2026-01-10,day,,40,6,arrival,low,0.07033248081841433,0.04,"7.0% short pulses (165), peers 1.3%; min off-gap 0.1 s"
315,2.0,2026-01-10,day,,56,2,arrival,low,0.06015037593984962,0.04,"6.0% short pulses (104), peers 1.2%; min off-gap 0.1 s"
315,2.0,2026-01-11,day,,40,6,arrival,low,0.05450620615218565,0.04,"5.5% short pulses (101), peers 1.2%; min off-gap 0.1 s"
315,2.0,2026-01-11,day,,56,2,arrival,low,0.052870090634441085,0.04,"5.3% short pulses (70), peers 1.1%; min off-gap 0.1 s"
315,3.0,2025-12-10,day,,40,6,arrival,low,0.07751623376623376,0.06,"7.8% short pulses (191), peers 1.6%; min off-gap 0.1 s"
315,3.0,2025-12-15,day,,40,6,arrival,low,0.07042253521126761,0.06,"7.0% short pulses (185), peers 1.3%; min off-gap 0.1 s"
315,3.0,2025-12-16,day,,40,6,arrival,low,0.08183632734530938,0.06,"8.2% short pulses (246), peers 1.4%; min off-gap 0.1 s"
315,3.0,2025-12-17,day,,40,6,arrival,low,0.06557377049180328,0.06,"6.6% short pulses (184), peers 1.5%; min off-gap 0.1 s"
315,3.0,2026-01-08,day,,40,6,arrival,low,0.07355021216407355,0.06,"7.4% short pulses (208), peers 1.9%; min off-gap 0.1 s"
315,3.0,2026-01-08,day,,56,2,arrival,low,0.06207565470417071,0.06,"6.2% short pulses (128), peers 1.5%; min off-gap 0.1 s"
315,3.0,2026-01-09,day,,40,6,arrival,low,0.06928016221696519,0.06,"6.9% short pulses (205), peers 1.8%; min off-gap 0.1 s"
315,3.0,2026-01-10,day,,40,6,arrival,low,0.07033248081841433,0.06,"7.0% short pulses (165), peers 1.3%; min off-gap 0.1 s"
315,3.0,2026-01-10,day,,56,2,arrival,low,0.06015037593984962,0.06,"6.0% short pulses (104), peers 1.2%; min off-gap 0.1 s"
